42394,0,19.833567,2.437297,0.019154
42395,1,-9.457097,2.60968,-0.014365
42396,2,-9.452308,2.643199,0.009577
42397,3,-9.485827,2.624045,0.033519
42398,4,-9.481039,2.595315,-0.014365
42399,5,-9.351752,2.585738,-0.033519
42400,6,-9.471462,2.624045,-0.004788
42401,7,-9.323021,2.614468,-0.014365
42402,8,-9.481039,2.604891,-0.043096
42403,9,-9.442731,2.576161,0.043096
42404,10,-9.404424,2.600103,-0.02873
42405,11,-9.433155,2.600103,0.023942
42406,12,-9.414001,2.647987,-0.004788
42407,13,-9.461885,2.590526,-0.009577
42408,14,-9.500192,2.662352,0.004788
42409,15,-9.730036,2.94008,-0.11971
42410,16,-9.461885,2.600103,-0.014365
42411,17,-9.399636,2.590526,0.023942
42412,18,-9.47625,2.590526,-0.019154
42413,19,-9.504981,2.528277,0.095768
42414,20,-9.47625,2.657564,0.043096
42415,21,-9.471462,2.643199,0.095768
42416,22,-9.452308,2.643199,0.043096
42417,23,-9.294291,2.595315,0.320823
42418,24,-9.950302,3.136404,-0.081403
42419,25,-9.504981,2.647987,0.081403
42420,26,-9.481039,2.580949,-0.110133
42421,27,-9.409213,2.619257,-0.033519
42422,28,-9.490615,2.619257,0
42423,29,-9.423578,2.628833,0.047884
42424,30,-9.452308,2.614468,-0.02873
42425,31,-9.47625,2.619257,0.062249
42426,32,-9.500192,2.619257,0.081403
42427,33,-9.442731,2.60968,0.02873
42428,34,-9.461885,2.576161,-0.038307
42429,35,-9.471462,2.604891,0.047884
42430,36,-9.490615,2.604891,-0.009577
42431,37,-9.437943,2.60968,0
42432,38,-9.461885,2.619257,0.014365
42433,39,-9.466673,2.595315,-0.009577
42434,40,-9.466673,2.619257,0.062249
42435,41,-9.442731,2.576161,0.009577
42436,42,-9.533711,2.633622,0.019154
42437,43,-9.385271,2.585738,0.038307
42438,44,-9.471462,2.614468,0.023942
42439,45,-9.433155,2.585738,0.038307
42440,46,-9.428366,2.619257,0.014365
42441,47,-9.466673,2.614468,0.033519
42442,48,-9.44752,2.619257,-0.038307
42443,49,-9.457097,2.557007,-0.009577
42444,50,-9.509769,2.614468,0.02873
42445,51,-9.409213,2.619257,0.076614
42446,52,-9.481039,2.60968,-0.038307
42447,53,-9.428366,2.604891,-0.062249
42448,54,-9.457097,2.561796,-0.009577
42449,55,-9.466673,2.604891,0.043096
42450,56,-9.318233,2.624045,0.062249
42451,57,-9.490615,2.624045,-0.023942
42452,58,-9.471462,2.590526,0.023942
42453,59,-9.361328,2.585738,0.004788
42454,60,-9.385271,2.561796,0.019154
42455,61,-9.375694,2.60968,0.129287
42456,62,-9.452308,2.580949,0.100556
42457,63,-9.414001,2.614468,0.014365
42458,64,-9.485827,2.647987,-0.004788
42459,65,-9.399636,2.63841,0.014365
42460,66,-9.380482,2.590526,0.033519
42461,67,-9.44752,2.628833,0.062249
42462,68,-9.490615,2.60968,0.086191
42463,69,-9.47625,2.63841,0.043096
42464,70,-9.437943,2.585738,-0.033519
42465,71,-9.366117,2.590526,0.014365
42466,72,-9.495404,1.915361,0.320823
42467,73,-9.423578,2.619257,0.095768
42468,74,-9.442731,2.624045,0.047884
42469,75,-9.504981,2.614468,0
42470,76,-9.457097,2.628833,0.038307
42471,77,-9.471462,2.590526,0.009577
42472,78,-9.457097,2.643199,-0.004788
42473,79,-9.418789,2.633622,0.02873
42474,80,-9.433155,2.5187,-0.124498
42475,81,-9.351752,2.494758,-0.076614
42476,82,-9.366117,2.585738,-0.057461
42477,83,-9.414001,2.60968,0.086191
42478,84,-9.323021,2.671929,-0.081403
42479,85,-9.390059,2.537854,0.057461
42480,86,-9.533711,2.600103,0.095768
42481,87,-9.490615,2.614468,0.057461
42482,88,-9.461885,2.633622,-0.014365
42483,89,-9.414001,2.547431,0.062249
42484,90,-9.452308,2.590526,0
42485,91,-9.452308,2.657564,0.110133
42486,92,-9.433155,2.624045,0.057461
42487,93,-9.294291,2.542642,0.124498
42488,94,-9.414001,2.585738,0.095768
42489,95,-9.370905,2.542642,0.019154
42490,96,-9.241618,2.5187,-0.033519
42491,97,-9.294291,2.576161,0.09098
42492,98,-9.370905,2.624045,0.052672
42493,99,-9.423578,2.614468,-0.019154
42494,100,-9.14585,2.542642,-0.282516
42496,102,-9.495404,2.561796,-0.062249
42497,103,-9.390059,2.456451,0.138864
42498,104,-9.428366,2.657564,0.014365
42499,105,-9.380482,2.671929,0.105345
42500,106,-9.308656,2.552219,0.253785
42501,107,-9.351752,2.557007,-0.201113
42502,108,-8.916007,3.438074,-0.114922
42503,109,-9.461885,2.585738,-0.234632
42504,110,-9.514557,2.446874,-1.206678
42505,111,-9.921572,2.719813,-0.416591
42506,112,-9.418789,2.619257,-0.004788
42507,113,-9.691728,2.475605,0.90022
42508,114,-9.14585,0.45011,1.886631
42509,115,-9.481039,2.94008,-0.253785
42510,116,-9.466673,2.686294,-0.014365
42511,117,-9.160216,2.748544,0.129287
42512,118,-9.524134,2.60968,0
42513,119,-9.519346,2.743755,0.095768
42514,120,-9.548076,2.810793,-0.134075
42515,121,-9.423578,2.585738,-0.038307
42516,122,-9.313444,2.499547,-0.071826
42517,123,-9.457097,2.523489,0.02873
42518,124,-9.643844,2.853888,-0.751779
42519,125,-9.270349,2.624045,0.167594
42520,126,-8.99741,2.896984,0.052672
42521,127,-9.552865,2.710236,-0.248997
42522,128,-9.471462,2.810793,0.081403
42523,129,-9.323021,2.561796,0.057461
42524,130,-9.461885,2.681506,0.067038
42525,131,-9.366117,2.590526,-0.033519
42526,132,-9.44752,2.643199,0.062249
42527,133,-9.390059,2.604891,0.483629
42528,134,-9.600749,2.667141,-0.11971
42529,135,-9.619902,3.375824,-1.766921
42530,136,-9.351752,2.557007,-0.052672
42531,137,-9.56723,2.705448,0.062249
42532,138,-9.485827,2.614468,-0.076614
42533,139,-8.959103,1.508347,-0.282516
42534,140,-9.629479,2.054225,-0.004788
42535,141,-9.495404,2.671929,-0.095768
42536,142,-7.383718,1.805228,9.964667
42537,143,-11.420342,4.204218,-9.624691
42538,144,-9.380482,2.604891,0.033519
42539,145,-9.47625,2.552219,0.023942
42540,146,-9.351752,2.537854,0.019154
42541,147,-9.471462,2.60968,0.09098
42542,148,-9.461885,2.604891,0.100556
42543,149,-11.224017,2.403778,7.259219
42544,150,-9.509769,2.619257,-0.047884
42545,151,-9.600749,2.566584,0.684742
42546,152,-9.323021,2.60968,0.043096
42547,153,-9.332598,2.552219,0.162806
42548,154,-9.667786,3.074155,-0.512359
42549,155,-10.304644,2.700659,1.192312
42550,156,-8.734048,2.695871,0.100556
42551,157,-9.47625,2.695871,-0.076614
42552,158,-9.47625,2.667141,-0.014365
42553,159,-9.653421,2.844312,0.071826
42554,160,-9.639056,2.60968,-0.234632
42555,161,-9.581595,2.528277,-0.225055
42556,162,-9.538499,2.624045,-0.086191
42557,163,-9.428366,2.547431,0.004788
42558,164,-9.414001,2.633622,0.258574
42559,165,-9.500192,2.72939,-0.11971
42560,166,-9.303868,2.671929,0.110133
42561,167,-9.174581,3.284845,-0.603339
42562,168,-9.351752,2.413355,0.124498
42563,169,-9.35654,2.580949,0.3304
42564,170,-9.337386,2.614468,0.124498
42565,171,-9.629479,2.920926,-0.138864
42566,172,-9.414001,2.528277,-0.095768
42567,173,-9.485827,2.576161,-0.225055
42568,174,-13.512874,3.787627,-11.626243
42569,175,-9.414001,2.485181,0.316035
42570,176,-9.509769,2.288857,0.158017
42571,177,-9.466673,2.533065,0.038307
42572,178,-9.461885,2.585738,-0.052672
42573,179,-9.346963,2.614468,0.052672
42574,180,-9.428366,2.686294,-0.038307
42575,181,-9.619902,2.657564,-0.244209
42576,182,-10.563218,2.006341,-0.694318
42577,183,-9.351752,2.63841,0.124498
42578,184,-9.500192,2.547431,0.191536
42579,185,-8.968679,2.959233,-0.517148
42580,186,-9.457097,2.633622,0.067038
42581,187,-10.074801,2.748544,-0.430956
42582,188,-10.979809,3.05979,1.240196
42583,189,-9.323021,2.60968,0.172383
42584,190,-9.59596,2.413355,0.474052
42585,191,-9.811438,2.920926,-0.014365
42586,192,-9.682152,2.537854,-0.253785
42587,193,-9.303868,2.394202,0.234632
42588,194,-9.414001,2.691083,-0.067038
42589,195,-9.452308,2.633622,0.062249
42590,196,-9.528923,2.60968,-0.023942
42591,197,-9.471462,2.585738,0.019154
42592,198,-9.437943,2.604891,0.033519
42593,199,-9.303868,2.461239,0.277727
42594,200,-9.294291,2.580949,0.162806
42595,201,-9.47625,2.552219,0.205901
42596,202,-9.399636,2.557007,0.062249
42597,203,-9.342175,2.576161,0.081403
42598,204,-9.380482,2.652775,-0.076614
42599,205,-9.514557,2.571373,0.100556
42600,206,-9.399636,2.63841,0.052672
42601,207,-9.485827,2.619257,-0.023942
42602,208,-9.409213,2.671929,0.191536
42603,209,-9.916783,2.810793,0.766145
42604,210,-9.433155,2.60968,-0.033519
42605,211,-9.423578,2.60968,0.014365
42606,212,-9.313444,2.624045,-0.129287
42607,213,-9.394847,2.585738,0.062249
42608,214,-9.485827,2.604891,0.095768
42609,215,-9.390059,2.576161,0.043096
42610,216,-9.572018,2.60968,-0.009577
42611,217,-8.839393,3.912126,1.04866
42612,218,-10.390835,0.641646,-3.916914
42613,219,-8.226477,1.254562,9.02614
42614,220,-9.394847,2.595315,0.258574
42615,221,-9.433155,2.552219,0.038307
42616,222,-9.423578,2.753332,0.09098
42617,223,-9.414001,2.331952,0.129287
42618,224,-9.303868,2.590526,0.138864
42619,225,-9.572018,2.652775,-0.565032
42620,226,-11.166557,3.921702,-1.527501
42621,227,-8.590396,2.437297,0.138864
42622,228,-9.2081,2.561796,0.143652
42623,229,-9.418789,2.561796,-0.052672
42624,230,-9.414001,2.647987,0.296881
42625,231,-9.442731,2.523489,0.114922
42626,232,-9.050082,2.619257,0.244209
42627,233,-9.457097,2.624045,-0.047884
42628,234,-7.924807,1.096544,1.431733
42629,235,-7.656657,2.149993,-2.011129
42630,236,-9.442731,2.628833,-0.057461
42631,237,-9.586383,2.710236,0.009577
42632,238,-9.500192,2.695871,0.052672
42633,239,-9.519346,2.528277,-0.105345
42634,240,-9.179369,2.030283,0.914585
42635,241,-9.409213,2.499547,0.272939
42636,242,-9.44752,2.485181,0.215478
42637,243,-10.041282,2.75812,0.086191
42638,244,-9.538499,2.580949,-0.272939
42639,245,-9.428366,2.628833,-0.033519
42640,246,-9.471462,2.647987,-0.067038
42641,247,-9.303868,2.724601,-0.019154
42642,248,-9.35654,2.624045,-0.052672
42643,249,-9.414001,2.595315,0.023942
42644,250,-9.404424,2.724601,0.114922
42645,251,-8.892065,3.002329,3.031059
42646,252,-9.414001,2.743755,0.387861
42647,253,-9.519346,2.542642,-0.057461
42648,254,-9.318233,2.600103,0.311246
42649,255,-13.441048,3.572149,-7.603984
42650,256,-9.423578,2.523489,-0.023942
42651,257,-9.610325,2.619257,0.009577
42652,258,-9.222465,2.662352,-0.004788
42653,259,-9.452308,2.499547,0.062249
42654,260,-9.409213,2.63841,0.019154
42655,261,-9.437943,2.662352,-0.138864
42656,262,-9.35654,2.662352,-0.023942
42657,263,-9.457097,2.628833,0.038307
42658,264,-9.504981,2.657564,0.35913
42659,265,-9.002198,2.614468,-0.162806
42660,266,-9.246407,2.576161,0.047884
42661,267,-9.572018,2.624045,-0.344765
42662,268,-9.418789,3.687071,0.014365
42663,269,-39.2266,10.874464,-34.031182
42664,270,-9.725247,2.705448,-0.440533
42665,271,-9.533711,2.566584,0.009577
42666,272,-9.816227,2.896984,-0.258574
42667,273,-9.409213,1.833958,-4.91769
42668,274,-5.401319,0.282516,4.161122
42669,275,-9.270349,2.547431,0.100556
42670,276,-10.658986,3.548207,1.024718
42671,277,-9.313444,2.691083,-0.378284
42672,278,-9.504981,2.734178,-0.138864
42673,279,-9.404424,2.657564,0.009577
42674,280,-9.504981,2.576161,-0.047884
42675,281,-9.514557,2.566584,-0.043096
42676,282,-9.457097,2.782062,0.172383
42677,283,-9.509769,2.671929,0.114922
42678,284,-9.399636,2.60968,-0.081403
42679,285,-9.442731,2.590526,-0.215478
42680,286,-8.173804,2.647987,-1.240196
42681,287,-9.490615,2.624045,-0.047884
42682,288,-9.308656,2.585738,0.134075
42683,289,-9.548076,2.647987,0.392649
42684,290,-9.423578,2.60968,-0.004788
42685,291,-9.557653,2.403778,-0.11971
42687,293,-9.399636,2.595315,0.014365
42688,294,-9.35654,2.528277,-0.383072
42689,295,-9.557653,2.528277,-0.105345
42690,296,-9.351752,2.595315,0.009577
42691,297,-9.457097,2.619257,0.033519
42692,298,-9.524134,2.600103,0.014365
42693,299,-10.840945,2.264915,2.274492
42694,300,-9.56723,2.667141,-0.019154
42695,301,-9.495404,2.825158,-0.057461
42696,302,-9.481039,2.619257,0.067038
42697,303,-9.548076,2.499547,-0.057461
42698,304,-9.830592,3.232172,-1.474828
42699,305,-9.442731,2.624045,0.138864
42700,306,-9.308656,2.528277,0.612916
42701,307,-8.916007,1.972822,-0.019154
42702,308,-9.394847,2.667141,-0.177171
42703,309,-9.504981,2.628833,-0.033519
42704,310,-9.481039,2.619257,-0.076614
42705,311,-9.375694,2.753332,-0.062249
42706,312,-9.495404,2.691083,-0.014365
42707,313,-9.437943,2.355894,0.512359
42708,314,-9.753978,2.528277,0.062249
42709,315,-9.366117,2.719813,0.02873
42710,316,-9.418789,2.595315,-0.105345
42711,317,-9.069236,2.274492,0.009577
42712,318,-9.471462,2.590526,0.014365
42713,319,-9.404424,2.15957,0.905008
42714,320,-9.457097,2.72939,-0.349553
42715,321,-9.605537,2.853888,-0.110133
42716,322,-11.530475,3.404555,-0.679953
42717,323,-9.270349,2.853888,0.272939
42718,324,-9.251195,4.414908,2.537854
42719,325,-9.543288,2.504335,0.378284
42720,326,-9.562441,2.485181,-0.220267
42721,327,-10.472238,2.873042,-0.818817
42722,328,-9.629479,2.628833,-0.229843
42723,329,-9.437943,2.748544,-0.3304
42724,330,-9.414001,2.595315,-0.052672
42725,331,-9.318233,2.604891,0.474052
42726,332,-9.155427,3.466804,-0.220267
42727,333,-9.442731,2.365471,0.081403
42728,334,-9.519346,2.647987,0.067038
42729,335,-9.811438,2.973598,0.167594
42730,336,-8.963891,2.700659,1.489193
42731,337,-9.160216,2.667141,0.354342
42732,338,-9.289502,3.011906,-0.081403
42733,339,-9.562441,2.624045,-0.287304
42734,340,-9.404424,2.595315,-0.019154
42735,341,-9.136274,2.1883,0.004788
42736,342,-9.634267,2.346318,0.110133
42737,343,-9.366117,2.782062,-0.129287
42738,344,-9.414001,2.628833,-0.229843
42739,345,-9.160216,2.504335,0.742203
42740,346,-9.682152,2.777274,-0.253785
42741,347,-9.461885,2.561796,0.023942
42742,348,-9.787496,2.657564,-0.095768
42743,349,-9.437943,2.595315,0.043096
42744,350,-9.47625,2.777274,0.129287
42745,351,-9.351752,2.643199,0.162806
42746,352,-9.452308,2.624045,0.043096
42747,353,-9.466673,2.557007,0.052672
42748,354,-9.452308,2.614468,-0.043096
42749,355,-9.437943,2.604891,0.081403
42750,356,-9.409213,2.633622,0.023942
42751,357,-9.32781,2.624045,-0.062249
42752,358,-9.428366,2.604891,0.047884
42753,359,-10.884041,4.242525,-0.402226
42754,360,-9.509769,2.671929,0.201113
42755,361,-9.437943,2.705448,0.038307
42756,362,-9.011775,2.236184,-0.248997
42757,363,-9.902418,2.442086,0.124498
42758,364,-9.193734,2.60968,0.464475
42759,365,-9.428366,2.60968,-0.143652
42760,366,-9.442731,2.60968,0.076614
42761,367,-9.380482,2.662352,0.02873
42762,368,-9.481039,2.695871,-0.134075
42763,369,-9.428366,2.873042,0.138864
42764,370,-9.361328,2.600103,0
42765,371,-9.615114,2.762909,0.272939
42766,372,-9.414001,4.060566,-1.58975
42767,373,-9.351752,2.624045,-0.009577
42768,374,-9.44752,2.5187,0.062249
42769,375,-9.404424,2.604891,0.004788
42770,376,-9.797073,2.911349,-0.186748
42771,377,-9.409213,2.662352,0.043096
42772,378,-9.035717,1.987187,0.363919
42773,379,-9.346963,2.614468,0.134075
42774,380,-9.366117,2.647987,0.033519
42775,381,-9.586383,2.600103,0.038307
42776,382,-9.514557,2.628833,0.038307
42777,383,-9.337386,2.619257,-0.038307
42778,384,-9.409213,2.614468,-0.019154
42779,385,-9.543288,2.557007,-0.110133
42780,386,-9.375694,2.384625,0.531513
42781,387,-9.35654,2.628833,0.014365
42782,388,-9.591172,2.561796,0
42783,389,-9.361328,2.557007,0.009577
42784,390,-9.35654,2.63841,-0.129287
42785,391,-9.485827,2.619257,0.076614
42786,392,-18.918982,4.836287,-6.301539
42787,393,-9.318233,2.715025,0.301669
42788,394,-9.346963,2.365471,0.608127
42789,395,-8.480262,1.714248,-0.229843
42790,396,-9.509769,2.643199,-0.004788
42791,397,-9.672575,2.595315,-0.258574
42792,398,-9.179369,2.533065,0.416591
42793,399,-9.629479,2.552219,-0.497994
42794,400,-9.437943,2.614468,-0.033519
42795,401,-9.457097,2.671929,0
42796,402,-9.35654,2.614468,0.014365
42797,403,-9.548076,2.624045,0.071826
42798,404,-9.725247,2.75812,-0.167594
42799,405,-9.629479,2.647987,0.019154
42800,406,-9.615114,2.782062,-0.067038
42801,407,-9.437943,2.60968,0.023942
42802,408,-9.437943,2.724601,-0.387861
42803,409,-9.452308,2.753332,-0.076614
42804,410,-9.662998,3.055001,-2.911349
42805,411,-9.299079,2.590526,-0.081403
42806,412,-9.337386,2.528277,0.397437
42807,413,-9.466673,2.619257,-0.100556
42808,414,-9.47625,2.528277,0.023942
42809,415,-9.643844,2.561796,-0.038307
42810,416,-9.313444,2.403778,0.047884
42811,417,-9.643844,2.614468,-0.071826
42812,418,-9.414001,2.542642,0.095768
42813,419,-8.355764,3.021482,2.346318
42814,420,-8.738836,2.173935,-0.699107
42815,421,-9.643844,2.547431,0.129287
42816,422,-10.290279,3.270479,-5.291186
42817,423,-9.519346,2.509123,0.052672
42818,424,-9.385271,2.595315,0.009577
42819,425,-9.461885,2.628833,-0.004788
42820,426,-9.385271,2.643199,0.105345
42821,427,-9.495404,2.566584,0.071826
42822,428,-9.409213,2.643199,-0.02873
42823,429,-9.461885,2.63841,-0.009577
42824,430,-9.47625,2.604891,-0.009577
42825,431,-9.452308,2.614468,-0.009577
42826,432,-9.351752,2.619257,-0.02873
42827,433,-9.442731,2.60968,-0.038307
42828,434,-9.394847,2.624045,0.067038
42829,435,-9.485827,2.63841,0.043096
42830,436,-9.423578,2.590526,0.009577
42831,437,-9.433155,2.628833,0
42832,438,-9.481039,2.628833,0.067038
42833,439,-9.452308,2.624045,0.009577
42834,440,-9.423578,2.643199,0.100556
42835,441,-9.471462,2.60968,-0.009577
42836,442,-9.399636,2.628833,-0.023942
42837,443,-9.457097,2.628833,0.033519
42838,444,-9.457097,2.624045,0.052672
42839,445,-9.47625,2.652775,-0.023942
42840,446,-9.399636,2.63841,0.057461
42841,447,-9.461885,2.614468,0.086191
42842,448,-9.471462,2.614468,0.023942
42843,449,-9.44752,2.614468,-0.057461
42844,450,-9.466673,2.619257,0.014365
42845,451,-9.414001,2.604891,0.033519
42846,452,-9.461885,2.624045,0
42847,453,-9.433155,2.595315,0.004788
42848,454,-9.466673,2.595315,-0.014365
42850,456,-9.44752,2.580949,0.043096
42851,457,-9.414001,2.619257,0.023942
42852,458,-9.399636,2.619257,0.038307
42853,459,-9.433155,2.60968,0.052672
42854,460,-9.437943,2.628833,-0.02873
42855,461,-9.452308,2.652775,0.019154
42856,462,-9.423578,2.614468,0.014365
42857,463,-9.457097,2.628833,-0.009577
42858,464,-9.44752,2.604891,0.038307
42859,465,-9.437943,2.619257,-0.019154
42860,466,-9.461885,2.643199,0.02873
42861,467,-9.44752,2.633622,0.057461
42862,468,-9.466673,2.571373,0.043096
42863,469,-9.457097,2.614468,-0.019154
42864,470,-9.423578,2.662352,0.052672
42865,471,-9.423578,2.614468,0
42866,472,-9.457097,2.633622,0.009577
42867,473,-9.471462,2.595315,0.02873
42868,474,-9.366117,2.619257,0.023942
42869,475,-9.375694,2.624045,0.086191
42870,476,-10.290279,3.701436,0.234632
42871,477,-9.514557,2.662352,0.009577
42872,478,-9.380482,2.590526,-0.004788
42873,479,-9.461885,2.624045,0.062249
42874,480,-9.44752,2.624045,0.047884
42875,481,-9.390059,2.624045,0
42876,482,-9.457097,2.614468,0.014365
42877,483,-9.466673,2.624045,0.124498
42878,484,-9.730036,3.002329,-0.244209
42879,485,-9.490615,2.628833,-0.047884
42880,486,-9.404424,2.590526,0.110133
42881,487,-9.457097,2.633622,0.009577
42882,488,-9.533711,2.662352,-0.09098
42883,489,-9.394847,2.619257,0.02873
42884,490,-9.423578,2.590526,0.038307
42885,491,-9.437943,2.628833,-0.009577
42886,492,-9.466673,2.628833,0.047884
42887,493,-9.457097,2.628833,0.057461
42888,494,-9.409213,2.604891,-0.043096
42889,495,-9.461885,2.60968,0.124498
42890,496,-9.414001,2.643199,0
42891,497,-9.533711,2.600103,0.057461
42892,498,-9.361328,2.533065,0.09098
42893,499,-9.442731,2.595315,0.009577
42894,500,-9.428366,2.647987,0.014365
42895,501,-9.385271,2.624045,0.047884
42896,502,-9.495404,2.60968,0.043096
42897,503,-9.35654,2.633622,0.02873
42898,504,-9.471462,2.633622,-0.02873
42899,505,-9.433155,2.63841,0.02873
42900,506,-9.404424,2.624045,0.038307
42901,507,-9.404424,2.590526,0.023942
42902,508,-9.418789,2.619257,-0.009577
42903,509,-9.418789,2.619257,0.009577
42904,510,-9.485827,2.643199,0.114922
42905,511,-9.414001,2.647987,0.038307
42906,512,-9.481039,2.619257,0.009577
42907,513,-9.485827,2.542642,0.177171
42908,514,-9.418789,2.628833,0.052672
42909,515,-9.466673,2.614468,-0.043096
42910,516,-9.763554,2.695871,-0.038307
42911,517,-9.44752,2.647987,-0.023942
42912,518,-9.600749,2.585738,-0.124498
42913,519,-9.485827,2.60968,-0.009577
42914,520,-9.404424,2.60968,0.057461
42915,521,-9.418789,2.614468,-0.009577
42916,522,-9.47625,2.628833,0
42917,523,-9.409213,2.63841,0
42918,524,-9.409213,2.63841,0.071826
42919,525,-9.44752,2.604891,0.014365
42920,526,-9.457097,2.595315,-0.033519
42921,527,-9.404424,2.600103,0.023942
42922,528,-9.47625,2.624045,0.014365
42923,529,-9.452308,2.643199,-0.043096
42924,530,-9.404424,2.600103,0.02873
42925,531,-9.47625,2.715025,0.047884
42926,532,-9.437943,2.643199,0.038307
42927,533,-9.289502,2.614468,-0.004788
42928,534,-9.428366,2.624045,0
42929,535,-9.404424,2.647987,0.019154
42930,536,-9.370905,2.624045,3.572149
42931,537,-9.351752,2.576161,0.019154
42932,538,-9.390059,2.600103,0.023942
42933,539,-9.433155,2.624045,0.057461
42934,540,-9.385271,2.595315,0.052672
42935,541,-9.351752,2.600103,0
42936,542,-9.342175,2.624045,0.02873
42937,543,-9.481039,2.628833,-0.02873
42938,544,-9.500192,2.60968,-0.004788
42939,545,-9.44752,2.619257,-0.004788
42940,546,-9.481039,2.619257,-0.105345
42941,547,-9.442731,2.643199,0.062249
42942,548,-9.404424,2.614468,-0.004788
42943,549,-9.437943,2.671929,0.047884
42944,550,-9.466673,2.63841,0.004788
42945,551,-9.485827,2.614468,0.004788
42946,552,-9.418789,2.624045,0.052672
42947,553,-9.466673,2.600103,-0.043096
42948,554,-9.423578,2.628833,0
42949,555,-9.457097,2.619257,0.043096
42950,556,-9.418789,2.643199,0.047884
42951,557,-9.428366,2.624045,0.023942
42952,558,-9.433155,2.624045,0.009577
42953,559,-9.471462,2.619257,0.019154
42954,560,-9.442731,2.604891,0.043096
42955,561,-9.437943,2.604891,0.057461
42956,562,-9.452308,2.63841,0.023942
42957,563,-9.423578,2.633622,0.014365
42958,564,-9.409213,2.595315,0.038307
42959,565,-9.423578,2.624045,-0.009577
42960,566,-9.423578,2.628833,-0.023942
42961,567,-9.485827,2.667141,0.014365
42962,568,-9.418789,2.561796,0.02873
42963,569,-9.452308,2.619257,-0.033519
42964,570,-9.394847,2.633622,0.067038
42965,571,-9.428366,2.614468,-0.033519
42966,572,-9.442731,2.633622,-0.019154
42967,573,-9.433155,2.60968,0.019154
42968,574,-9.35654,2.604891,-0.023942
42969,575,-9.437943,2.580949,0.076614
42970,576,-9.380482,2.647987,-0.02873
42971,577,-9.490615,2.662352,-0.071826
42972,578,-9.452308,2.647987,-0.086191
42973,579,-9.409213,2.600103,0.148441
42974,580,-9.500192,2.619257,0.033519
42975,581,-9.332598,2.595315,0.038307
42976,582,-9.437943,2.652775,0.033519
42977,583,-9.485827,2.63841,-0.004788
42978,584,-9.394847,2.657564,0.071826
42979,585,-9.423578,2.624045,-0.038307
42980,586,-9.313444,2.619257,0.047884
42981,587,-9.418789,2.614468,-0.067038
42982,588,-9.107543,2.557007,0.11971
42983,589,-9.394847,2.63841,0.023942
42984,590,-9.390059,2.624045,-0.038307
42985,591,-9.500192,2.715025,0.095768
42986,592,-9.504981,2.576161,-0.004788
42987,593,-9.466673,2.619257,0.043096
42988,594,-9.414001,2.662352,-0.043096
42989,595,-9.44752,2.619257,-0.009577
42990,596,-9.270349,2.624045,0.114922
42991,597,-9.414001,2.633622,0.02873
42992,598,-9.390059,2.614468,-0.033519
42993,599,-9.35654,2.604891,0.047884
42994,600,-9.519346,2.628833,0.033519
42995,601,-9.433155,2.619257,0.004788
42996,602,-9.471462,2.60968,0.043096
42997,603,-9.409213,2.604891,-0.038307
42998,604,-9.452308,2.600103,0.014365
42999,605,-9.433155,2.628833,-0.023942
43001,607,-9.428366,2.600103,0.062249
43002,608,-9.385271,2.614468,0
43003,609,-9.409213,2.60968,0.033519
43004,610,-9.437943,2.619257,0
43005,611,-9.466673,2.633622,0.071826
43006,612,-9.457097,2.628833,0.019154
43007,613,-9.418789,2.667141,-0.038307
43008,614,-9.471462,2.624045,0.02873
43009,615,-9.433155,2.614468,0.004788
43010,616,-9.452308,2.624045,0.052672
43011,617,-9.433155,2.619257,0.038307
43012,618,-9.414001,2.628833,-0.02873
43013,619,-9.471462,2.604891,0.038307
43014,620,-9.442731,2.624045,0
43015,621,-9.423578,2.60968,0.071826
43016,622,-9.423578,2.600103,0.071826
43017,623,-9.414001,2.614468,0.057461
43018,624,-9.466673,2.647987,-0.004788
43019,625,-9.466673,2.619257,0.076614
43020,626,-9.380482,2.628833,0.038307
43021,627,-9.423578,2.595315,-0.038307
43022,628,-9.437943,2.60968,0.004788
43023,629,-9.461885,2.652775,0
43024,630,-9.44752,2.624045,0.081403
43025,631,-9.485827,2.647987,0.071826
43026,632,-9.481039,2.624045,0.023942
43027,633,-9.485827,2.604891,-0.014365
43028,634,-9.323021,2.719813,0.153229
43029,635,-10.16578,2.839523,-0.761356
43030,636,-9.44752,2.624045,-0.100556
43031,637,-8.719682,1.819593,0.593762
43032,638,-9.394847,2.671929,0.047884
43033,639,-9.916783,2.528277,0.526724
43034,640,-9.160216,2.657564,0.038307
43035,641,-9.399636,2.628833,-0.043096
43036,642,-9.437943,2.557007,-0.067038
43037,643,-9.418789,2.624045,-0.014365
43038,644,-9.457097,2.681506,0
43039,645,-9.519346,2.686294,0.02873
43040,646,-9.519346,2.576161,0
43041,647,-9.414001,2.619257,0.086191
43042,648,-9.509769,2.647987,0.019154
43043,649,-9.500192,2.600103,-0.009577
43044,650,-9.461885,2.604891,-0.023942
43045,651,-9.418789,2.63841,0.014365
43046,652,-9.380482,2.60968,-0.095768
43047,653,-9.423578,2.590526,0.009577
43048,654,-9.629479,2.715025,0.277727
43049,655,-9.337386,2.557007,0.052672
43050,656,-9.461885,2.595315,0.014365
43051,657,-9.452308,2.624045,0.023942
43052,658,-9.433155,2.633622,0.047884
43053,659,-9.433155,2.590526,0.014365
43054,660,-9.495404,2.671929,0.014365
43055,661,-9.23683,2.293645,-1.039084
43056,662,-9.050082,2.992752,0.057461
43057,663,-9.572018,2.858677,0.086191
43058,664,-9.404424,2.595315,-0.043096
43059,665,-9.414001,2.676717,-0.124498
43060,666,-9.442731,2.667141,0.047884
43061,667,-9.457097,2.600103,0.02873
43062,668,-9.404424,2.590526,-0.062249
43063,669,-9.418789,2.595315,-0.014365
43064,670,-9.466673,2.628833,0.014365
43065,671,-9.351752,2.633622,0.062249
43066,672,-9.437943,2.624045,-0.02873
43067,673,-9.504981,2.647987,0.019154
43068,674,-9.394847,2.715025,0.043096
43069,675,-9.414001,2.580949,0.033519
43070,676,-9.490615,2.633622,0.076614
43071,677,-9.366117,2.561796,0.095768
43072,678,-9.576807,2.600103,0.148441
43073,679,-9.466673,2.585738,0.033519
43074,680,-9.490615,2.619257,-0.033519
43075,681,-9.394847,2.647987,-0.071826
43076,682,-9.466673,2.624045,-0.11971
43077,683,-9.437943,2.63841,0.076614
43078,684,-9.461885,2.633622,0.014365
43079,685,-9.390059,2.595315,0.057461
43080,686,-9.404424,2.662352,0.076614
43081,687,-9.418789,2.619257,0.023942
43082,688,-9.380482,2.652775,0.043096
43083,689,-9.423578,2.619257,0.033519
43084,690,-9.351752,2.624045,0.067038
43085,691,-9.423578,2.595315,0.114922
43086,692,-9.246407,2.499547,0.043096
43087,693,-9.361328,2.513912,0
43088,694,-9.457097,2.585738,0.043096
43089,695,-9.428366,2.624045,-0.02873
43090,696,-9.394847,2.595315,0.033519
43091,697,-9.481039,2.580949,0.004788
43092,698,-9.452308,2.619257,0.009577
43093,699,-9.442731,2.614468,-0.009577
43094,700,-9.428366,2.63841,0.014365
43095,701,-9.457097,2.628833,0.014365
43096,702,-9.342175,2.767697,-0.162806
43097,703,-9.481039,2.595315,0.004788
43098,704,-9.461885,2.628833,0.047884
43099,705,-9.418789,2.624045,0.043096
43100,706,-9.437943,2.604891,0.043096
43101,707,-9.404424,2.657564,0.023942
43102,708,-9.471462,2.552219,0.138864
43103,709,-9.414001,2.647987,-0.033519
43104,710,-9.404424,2.614468,0.033519
43105,711,-9.457097,2.624045,0.043096
43106,712,-9.485827,2.60968,0.062249
43107,713,-9.409213,2.624045,-0.009577
43108,714,-9.466673,2.643199,0.004788
43109,715,-9.457097,2.63841,0.038307
43110,716,-9.44752,2.624045,0.014365
43111,717,-9.414001,2.647987,0.02873
43112,718,-9.442731,2.619257,0.023942
43113,719,-9.414001,2.600103,0.052672
43114,720,-9.433155,2.595315,0.023942
43115,721,-9.423578,2.604891,0.019154
43116,722,-9.380482,2.600103,0.023942
43117,723,-9.44752,2.576161,0.014365
43118,724,-9.461885,2.614468,0.038307
43119,725,-9.418789,2.628833,-0.023942
43120,726,-9.44752,2.671929,0.02873
43121,727,-9.47625,2.619257,0.023942
43122,728,-9.466673,2.63841,-0.02873
43123,729,-9.442731,2.614468,0.004788
43124,730,-9.442731,2.676717,-0.009577
43125,731,-9.404424,2.60968,0.004788
43126,732,-9.366117,2.60968,-0.009577
43127,733,-9.452308,2.624045,0
43128,734,-9.481039,2.633622,-0.02873
43129,735,-9.418789,2.595315,0.076614
43130,736,-9.466673,2.604891,0.047884
43131,737,-9.361328,2.647987,0.038307
43132,738,-9.375694,2.619257,-0.014365
43133,739,-9.481039,2.643199,0
43134,740,-9.485827,2.628833,0.052672
43135,741,-9.47625,2.60968,0.100556
43136,742,-9.423578,2.60968,0.047884
43137,743,-9.399636,2.619257,0.081403
43138,744,-9.399636,2.63841,-0.023942
43139,745,-9.47625,2.600103,-0.014365
43140,746,-9.485827,2.652775,0.004788
43141,747,-9.414001,2.628833,5.209783
43142,748,-9.461885,2.628833,0.004788
43143,749,-9.437943,2.63841,0.023942
43144,750,-9.44752,2.600103,-0.02873
43145,751,-9.442731,2.619257,0.033519
43146,752,-9.485827,2.604891,0.110133
43147,753,-9.485827,2.63841,-0.009577
43148,754,-9.433155,2.614468,-0.014365
43150,756,-9.47625,2.657564,0.047884
43151,757,-9.423578,2.671929,-0.201113
43152,758,-9.390059,2.628833,0.047884
43153,759,-9.442731,2.643199,0.009577
43154,760,-9.442731,2.595315,0.062249
43155,761,-9.442731,2.652775,0.071826
43156,762,-9.442731,2.595315,0.062249
43157,763,-9.457097,2.585738,0.019154
43158,764,-9.437943,2.624045,0.076614
43159,765,-9.399636,2.667141,0.014365
43160,766,-9.471462,2.63841,0.019154
43161,767,-9.466673,2.619257,0.062249
43162,768,-9.418789,2.628833,-0.019154
43163,769,-9.380482,2.628833,0.038307
43164,770,-9.471462,2.60968,0.052672
43165,771,-9.47625,2.590526,0.004788
43166,772,-9.457097,2.600103,-0.014365
43167,773,-9.437943,2.614468,0.014365
43168,774,-9.519346,2.628833,-0.143652
43169,775,-9.418789,2.60968,0.02873
43170,776,-9.481039,2.667141,0.038307
43171,777,-9.47625,2.600103,0.038307
43172,778,-9.428366,2.604891,0.019154
43173,779,-9.35654,2.60968,0.047884
43174,780,-9.390059,2.60968,0.009577
43175,781,-9.428366,2.600103,0.052672
43176,782,-9.466673,2.63841,0.047884
43177,783,-9.423578,2.604891,-0.033519
43178,784,-9.461885,2.614468,-0.009577
43179,785,-9.485827,2.576161,0.004788
43180,786,-9.471462,2.652775,-0.014365
43181,787,-9.409213,2.643199,0.014365
43182,788,-9.35654,2.647987,-0.100556
43183,789,-9.346963,2.590526,-0.019154
43184,790,-9.428366,2.63841,0.067038
43185,791,-9.44752,2.60968,-0.014365
43186,792,-9.457097,2.624045,-0.014365
43187,793,-9.423578,2.624045,0.033519
43188,794,-9.409213,2.590526,0.033519
43189,795,-9.457097,2.585738,0.038307
43190,796,-9.457097,2.571373,0
43191,797,-9.385271,2.624045,0.047884
43192,798,-9.461885,2.590526,0.071826
43193,799,-9.457097,2.600103,0.02873
43194,800,-9.375694,2.595315,0.076614
43195,801,-9.409213,2.628833,0.062249
43196,802,-9.461885,2.643199,0.014365
43197,803,-9.44752,2.652775,0.009577
43198,804,-9.423578,2.614468,0
43199,805,-9.414001,2.63841,-0.019154
43200,806,-9.452308,2.662352,-0.047884
43201,807,-9.346963,2.647987,0.033519
43202,808,-9.437943,2.619257,0.057461
43203,809,-9.47625,2.619257,-0.014365
43204,810,-9.44752,2.647987,-0.095768
43205,811,-9.437943,2.614468,0.033519
43206,812,-9.428366,2.614468,0.033519
43207,813,-9.471462,2.566584,1.04866
43208,814,-9.514557,2.571373,-0.100556
43209,815,-9.404424,2.604891,0.038307
43210,816,-9.366117,2.604891,-0.536301
43211,817,-9.849746,2.528277,-1.321599
43212,818,-9.433155,2.657564,0.019154
43213,819,-9.466673,2.628833,0.038307
43214,820,-9.461885,2.595315,0.019154
43215,821,-9.394847,2.643199,0.047884
43216,822,-9.452308,2.600103,0.081403
43217,823,-9.074024,2.580949,0.095768
43218,824,-9.466673,2.63841,-0.033519
43219,825,-9.370905,2.60968,0.052672
43220,826,-9.437943,2.600103,0.004788
43221,827,-9.423578,2.628833,0.033519
43222,828,-9.418789,2.585738,0
43223,829,-9.366117,2.667141,0
43224,830,-9.461885,2.628833,0.043096
43225,831,-9.361328,2.466028,0.229843
43226,832,-9.481039,2.552219,-0.02873
43227,833,-9.481039,2.643199,0
43228,834,-9.366117,2.633622,0.052672
43229,835,-9.35654,2.628833,0.244209
43230,836,-9.035717,2.619257,0.234632
43231,837,-9.433155,2.63841,0.095768
43232,838,-9.471462,2.643199,-0.043096
43233,839,-9.351752,2.595315,0.052672
43234,840,-9.47625,2.600103,0.023942
43235,841,-9.222465,2.983175,0.517148
43236,842,-9.758766,2.269703,-0.114922
43237,843,-9.461885,2.628833,0.014365
43238,844,-9.423578,2.561796,0.081403
43239,845,-9.433155,2.595315,-0.009577
43240,846,-9.428366,2.619257,0.047884
43241,847,-9.418789,2.604891,-0.023942
43242,848,-9.461885,2.590526,0.038307
43243,849,-9.366117,2.643199,0.004788
43244,850,-9.351752,2.595315,0.043096
43245,851,-9.44752,2.624045,-0.004788
43246,852,-9.399636,2.643199,-0.014365
43247,853,-9.423578,2.633622,-0.052672
43248,854,-9.461885,2.657564,0.019154
43249,855,-9.394847,2.60968,0.014365
43250,856,-9.442731,2.60968,0.062249
43251,857,-9.380482,2.624045,0.043096
43252,858,-9.409213,2.600103,0.009577
43253,859,-9.47625,2.614468,0.004788
43254,860,-9.414001,2.657564,0.038307
43255,861,-9.457097,2.633622,0.009577
43256,862,-9.409213,2.633622,0
43257,863,-9.490615,2.60968,0.057461
43258,864,-9.47625,2.63841,0.019154
43259,865,-9.433155,2.595315,-0.014365
43260,866,-9.466673,2.63841,0.047884
43261,867,-9.461885,2.5187,-0.019154
43262,868,-9.342175,2.619257,-0.014365
43263,869,-9.466673,2.63841,0.014365
43264,870,-9.461885,2.633622,0
43265,871,-9.308656,2.628833,0.138864
43266,872,-9.423578,2.571373,0.062249
43267,873,-9.437943,2.604891,0.019154
43268,874,-9.47625,2.667141,0.033519
43269,875,-9.504981,2.600103,0.023942
43270,876,-9.423578,2.590526,-0.009577
43271,877,-9.457097,2.619257,0.02873
43272,878,-9.399636,2.63841,0.009577
43273,879,-9.433155,2.619257,0.071826
43274,880,-9.514557,2.528277,0.263362
43275,881,-9.155427,2.590526,0.531513
43276,882,-9.308656,2.624045,0.134075
43277,883,-9.399636,2.624045,0.033519
43278,884,-9.485827,2.628833,-0.009577
43279,885,-9.385271,2.542642,0.014365
43280,886,-9.370905,2.60968,0.009577
43281,887,-9.466673,2.604891,-0.004788
43282,888,-9.35654,2.643199,-0.019154
43283,889,-9.418789,2.600103,0.134075
43284,890,-9.481039,2.624045,0.057461
43285,891,-9.528923,2.662352,0.071826
43286,892,-9.418789,2.647987,-0.081403
43287,893,-9.433155,2.595315,0.02873
43288,894,-9.44752,2.619257,0.019154
43289,895,-9.481039,2.643199,0
43290,896,-9.509769,2.60968,-0.02873
43291,897,-9.514557,2.643199,0.014365
43292,898,-9.792285,2.801216,-0.335188
43293,899,-9.457097,2.734178,0.033519
43294,900,-9.409213,2.676717,0.009577
43295,901,-9.485827,2.614468,0.02873
43296,902,-9.466673,2.643199,0.004788
43297,903,-9.485827,2.619257,0.138864
43298,904,-9.409213,2.643199,0.02873
43299,905,-9.461885,2.604891,0.043096
43300,906,-9.370905,2.628833,0.023942
43301,907,-9.557653,2.633622,0.062249
43302,908,-9.303868,2.557007,-0.023942
43303,909,-9.423578,2.590526,0.110133
43304,910,-9.485827,2.60968,0.043096
43305,911,-9.471462,2.590526,0.038307
43306,912,-9.509769,2.566584,-0.296881
43307,913,-9.433155,2.604891,0.100556
43308,914,-9.437943,2.604891,0.057461
43310,916,-9.461885,2.604891,0.004788
43311,917,-9.461885,2.580949,0.014365
43312,918,-9.471462,2.60968,0.02873
43313,919,-12.574347,3.078943,-4.568137
43314,920,-9.461885,2.571373,0.062249
43315,921,-9.433155,2.580949,0.019154
43316,922,-9.423578,2.590526,-0.038307
43317,923,-9.428366,2.643199,0.047884
43318,924,-9.509769,2.619257,0.033519
43319,925,-8.810662,2.42772,3.002329
43320,926,-9.44752,2.614468,0.02873
43321,927,-9.409213,2.60968,0.004788
43322,928,-9.466673,2.624045,0.105345
43323,929,-9.452308,2.60968,0.047884
43324,930,-9.495404,2.633622,0.09098
43325,931,-9.44752,2.671929,-0.225055
43326,932,-9.380482,2.580949,0.110133
43327,933,-9.418789,2.628833,-0.038307
43328,934,-9.308656,2.542642,0.067038
43329,935,-9.519346,2.628833,0
43330,936,-9.423578,2.643199,0.047884
43331,937,-9.457097,2.647987,0.043096
43332,938,-9.457097,2.600103,0.033519
43333,939,-9.418789,2.624045,0.033519
43334,940,-9.394847,2.628833,0.067038
43335,941,-9.399636,2.585738,0.062249
43336,942,-9.528923,2.509123,0.014365
43337,943,-9.548076,2.312799,-0.038307
43338,944,-9.519346,1.771709,-0.124498
43339,945,-9.610325,0.483629,-0.191536
43340,946,-9.591172,2.015918,0.234632
43341,947,-9.519346,2.212242,-0.043096
43342,948,-9.538499,2.264915,0.057461
43343,949,-9.490615,2.293645,-0.038307
43344,950,-9.524134,2.255338,0.047884
43345,951,-9.504981,2.293645,0.062249
43346,952,-9.514557,2.298434,0.009577
43347,953,-9.504981,2.221819,0.153229
43348,954,-9.524134,2.336741,0.009577
43349,955,-9.524134,2.327164,0.038307
43350,956,-9.509769,2.341529,0.105345
43351,957,-9.562441,2.322376,0.004788
43352,958,-9.495404,2.30801,0.057461
43353,959,-9.500192,2.360683,0.071826
43354,960,-9.514557,2.346318,0.02873
43355,961,-9.514557,2.384625,0.033519
43356,962,-9.528923,2.365471,0.071826
43357,963,-9.514557,2.346318,0.009577
43358,964,-9.47625,2.30801,-0.004788
43359,965,-9.485827,2.336741,-0.009577
43360,966,-9.485827,2.360683,0.033519
43361,967,-9.509769,2.375048,0
43362,968,-9.543288,2.360683,0.009577
43363,969,-9.481039,2.394202,0.095768
43364,970,-9.514557,2.341529,0.023942
43365,971,-9.500192,2.365471,0.052672
43366,972,-9.519346,2.365471,0.062249
43367,973,-9.504981,2.355894,0.047884
43368,974,-9.495404,2.360683,0.023942
43369,975,-9.495404,2.365471,0.02873
43370,976,-9.495404,2.336741,0.057461
43371,977,-9.538499,2.360683,0.014365
43372,978,-9.509769,2.394202,0.076614
43373,979,-9.514557,2.403778,0.081403
43374,980,-9.471462,2.403778,0.067038
43375,981,-9.471462,2.418144,0.033519
43376,982,-9.490615,2.365471,0.148441
43377,983,-9.44752,2.375048,0.114922
43378,984,-9.452308,2.494758,0.062249
43379,985,-9.461885,2.418144,0.076614
43380,986,-9.519346,2.365471,0.086191
43381,987,-9.572018,2.432509,-0.138864
43382,988,-9.490615,2.365471,-0.047884
43383,989,-9.485827,2.437297,0.062249
43384,990,-9.509769,2.379836,0.138864
43385,991,-9.514557,2.39899,0.11971
43386,992,-9.504981,2.379836,0.095768
43387,993,-9.514557,2.375048,0.09098
43388,994,-9.71567,2.470816,-0.201113
43389,995,-9.514557,2.418144,-0.019154
43390,996,-9.461885,2.403778,0.067038
43391,997,-9.466673,2.413355,0.114922
43392,998,-9.643844,2.978387,0.153229
43393,999,-9.351752,2.470816,-0.076614
43394,1000,-9.495404,2.485181,0.019154
43395,1001,-9.509769,2.384625,0.019154
43396,1002,-9.509769,2.413355,0.09098
43397,1003,-9.490615,2.408567,0.052672
43398,1004,-9.428366,2.466028,-0.09098
43399,1005,-9.461885,2.437297,-0.02873
43400,1006,-9.543288,2.413355,0.023942
43401,1007,-9.548076,2.422932,-0.043096
43402,1008,-9.552865,2.418144,0.009577
43403,1009,-9.538499,2.451662,0.124498
43404,1010,-9.639056,2.475605,-0.02873
43405,1011,-9.390059,2.288857,0.196325
43406,1012,-12.0572,2.202666,-4.491522
43407,1013,-9.284714,2.959233,1.173159
43408,1014,-9.524134,2.384625,0.225055
43409,1015,-9.461885,2.571373,0.023942
43410,1016,-9.495404,2.408567,-0.023942
43411,1017,-9.840169,2.499547,-0.502782
43412,1018,-9.481039,2.408567,-0.004788
43413,1019,-9.35654,2.284068,-0.167594
43414,1020,-8.513781,1.905785,1.541866
43415,1021,-9.672575,2.523489,-0.11971
43416,1022,-9.514557,2.422932,-0.043096
43417,1023,-9.332598,2.437297,0.296881
43418,1024,-9.959879,3.1795,-0.804452
43419,1025,-9.279926,2.432509,0.148441
43420,1026,-12.181698,2.858677,-1.786074
43421,1027,-10.275914,2.173935,0.924162
43422,1028,-10.352528,2.293645,-0.474052
43423,1029,-9.495404,2.446874,-0.038307
43424,1030,-9.481039,2.403778,0.033519
43425,1031,-9.504981,2.394202,0.038307
43426,1032,-9.442731,2.379836,0.057461
43427,1033,-9.524134,2.39899,0.043096
43428,1034,-9.528923,2.413355,0.114922
43429,1035,-9.538499,2.336741,-0.201113
43430,1036,-9.562441,2.485181,-0.081403
43431,1037,-9.543288,2.360683,-0.023942
43432,1038,-9.581595,2.37026,0.11971
43433,1039,-9.504981,2.437297,0.086191
43434,1040,-9.289502,2.614468,-1.393425
43435,1041,-9.212888,2.231396,0.287304
43436,1042,-9.433155,2.37026,-0.038307
43437,1043,-9.490615,2.494758,-0.033519
43438,1044,-9.32781,2.614468,-0.392649
43439,1045,-9.509769,2.082955,-0.052672
43440,1046,-9.600749,2.331952,0.02873
43441,1047,-9.399636,2.437297,-0.11971
43442,1048,-10.395624,2.178724,-0.363919
43443,1049,-9.648633,2.466028,-0.067038
43444,1050,-9.749189,2.437297,-0.296881
43445,1051,-9.71567,2.422932,-0.095768
43446,1052,-9.466673,2.437297,0.181959
43447,1053,-9.495404,2.513912,0.134075
43448,1054,-9.538499,2.566584,0.287304
43449,1055,-9.299079,1.958457,0.665588
43450,1056,-9.514557,2.513912,-0.196325
43451,1057,-9.47625,2.336741,0.02873
43452,1058,-9.160216,2.303222,-0.296881
43453,1059,-9.514557,2.418144,-0.067038
43454,1060,-9.514557,2.456451,0.033519
43455,1061,-9.461885,2.446874,0.076614
43456,1062,-9.485827,2.442086,0
43457,1063,-9.351752,2.394202,0.114922
43458,1064,-9.471462,2.580949,0.263362
43459,1065,-10.108319,2.48997,0.526724
43461,1067,-9.80665,2.930503,-0.268151
43462,1068,-9.418789,2.303222,-0.043096
43463,1069,-9.720459,2.63841,-0.067038
43464,1070,-9.160216,2.37026,0.632069
43465,1071,-9.380482,2.513912,0
43466,1072,-9.418789,2.456451,0.124498
43467,1073,-9.490615,2.413355,0.11971
43468,1074,-9.361328,2.413355,0.244209
43469,1075,-9.77792,2.590526,-0.162806
43470,1076,-9.80665,2.743755,-0.641646
43471,1077,-9.481039,2.499547,-0.129287
43472,1078,-9.605537,2.504335,0.023942
43473,1079,-9.466673,2.418144,-0.033519
43474,1080,-9.514557,2.130839,0.033519
43475,1081,-10.91756,3.394978,-1.599327
43476,1082,-9.753978,2.442086,-0.751779
43477,1083,-9.911995,2.676717,0.181959
43478,1084,-9.77792,2.432509,-0.47884
43479,1085,-9.481039,2.341529,0.014365
43480,1086,-9.524134,2.408567,0.02873
43481,1087,-9.433155,2.513912,-0.02873
43482,1088,-9.490615,2.39899,0.124498
43483,1089,-9.47625,2.509123,0
43484,1090,-9.433155,2.418144,0.272939
43485,1091,-10.036493,3.265691,0.713472
43486,1092,-9.725247,2.020706,-0.512359
43487,1093,-10.060435,1.49877,0.488417
43488,1094,-9.47625,2.657564,-0.162806
43489,1095,-9.56723,2.494758,-0.277727
43490,1096,-9.552865,2.461239,0.196325
43491,1097,-9.495404,2.542642,0.023942
43492,1098,-9.878476,2.87783,-0.464475
43493,1099,-9.71567,2.456451,0.057461
43494,1100,-9.519346,2.264915,0.09098
43495,1101,-11.051635,3.193865,0.282516
43496,1102,-10.175357,2.466028,0.23942
43497,1103,-10.141838,2.657564,-0.272939
43498,1104,-9.169792,2.8491,-1.417367
43499,1105,-9.47625,2.461239,0.014365
43500,1106,-9.481039,2.475605,0.110133
43501,1107,-9.500192,2.466028,0.033519
43502,1108,-9.581595,2.509123,0.009577
43503,1109,-9.495404,2.442086,0.02873
43504,1110,-9.471462,2.432509,0
43505,1111,-9.509769,2.403778,0.067038
43506,1112,-9.380482,2.408567,0.215478
43507,1113,-9.466673,2.920926,0.670376
43508,1114,-9.629479,2.437297,0.033519
43509,1115,-9.725247,2.27928,-0.057461
43510,1116,-9.605537,2.504335,0.325611
43511,1117,-9.47625,2.466028,-0.023942
43512,1118,-10.338163,2.624045,0.871489
43513,1119,-9.730036,2.466028,0.47884
43514,1120,-9.452308,2.303222,-0.292093
43515,1121,-9.428366,2.403778,-0.057461
43516,1122,-9.433155,2.437297,0.21069
43517,1123,-9.538499,2.418144,0.009577
43518,1124,-9.519346,2.466028,-0.057461
43519,1125,-9.461885,2.485181,0.153229
43520,1126,-9.471462,2.42772,0.038307
43521,1127,-9.414001,2.379836,0.162806
43522,1128,-9.509769,2.432509,-0.086191
43523,1129,-9.509769,2.422932,0.167594
43524,1130,-9.35654,2.346318,-0.023942
43525,1131,-9.414001,2.413355,0.033519
43526,1132,-9.500192,2.509123,-0.057461
43527,1133,-9.648633,2.360683,-0.248997
43528,1134,-9.557653,2.494758,-0.062249
43529,1135,-9.270349,2.63841,-0.521936
43530,1136,-9.399636,2.466028,0.138864
43531,1137,-9.629479,2.446874,-0.153229
43532,1138,-9.658209,2.408567,0.009577
43533,1139,-9.528923,2.413355,-0.095768
43534,1140,-9.500192,2.403778,0.186748
43535,1141,-9.495404,2.413355,0.100556
43536,1142,-9.47625,2.466028,0.100556
43537,1143,-9.485827,2.42772,0.02873
43538,1144,-9.619902,2.451662,0.067038
43539,1145,-9.461885,2.42772,0.143652
43540,1146,-9.543288,2.475605,0.067038
43541,1147,-9.414001,2.418144,0.014365
43542,1148,-9.538499,2.341529,0.229843
43543,1149,-9.399636,2.432509,0.105345
43544,1150,-9.404424,2.461239,-0.047884
43545,1151,-9.14585,2.183512,-0.723049
43546,1152,-9.323021,2.604891,-0.177171
43547,1153,-10.098743,3.05979,0.162806
43548,1154,-9.294291,2.422932,0.100556
43549,1155,-9.572018,2.365471,0
43550,1156,-9.481039,2.451662,0.067038
43551,1157,-9.481039,2.528277,0.095768
43552,1158,-9.490615,2.446874,0.02873
43553,1159,-9.437943,2.418144,0.062249
43554,1160,-9.471462,2.389413,0.134075
43555,1161,-9.576807,2.303222,0.09098
43556,1162,-9.528923,2.355894,-0.052672
43557,1163,-9.490615,2.499547,0.076614
43558,1164,-9.481039,2.422932,-0.023942
43559,1165,-9.428366,2.269703,0.368707
43560,1166,-9.433155,2.48997,0.162806
43561,1167,-9.457097,2.403778,0.067038
43562,1168,-9.418789,2.513912,0.153229
43563,1169,-9.844957,1.685518,-1.28808
43564,1170,-9.461885,2.437297,-0.80924
43565,1171,-9.351752,2.748544,0.258574
43566,1172,-8.954314,2.217031,-0.248997
43567,1173,-9.409213,2.418144,0.205901
43568,1174,-5.674258,2.772486,-1.752556
43569,1175,0.320823,-1.527501,-4.070143
43570,1176,-9.514557,2.408567,0.105345
43571,1177,-9.318233,2.322376,-0.430956
43572,1178,-9.433155,2.422932,0.114922
43573,1179,-9.385271,2.652775,0.196325
43574,1180,-9.68694,2.42772,-0.201113
43575,1181,-9.500192,2.451662,0.148441
43576,1182,-9.533711,2.552219,-0.067038
43577,1183,-9.600749,2.892196,-0.301669
43578,1184,-9.251195,2.873042,0.311246
43579,1185,-8.710106,1.628057,0.641646
43580,1186,-9.318233,2.351106,-0.502782
43581,1187,-10.251972,2.394202,-0.11971
43582,1188,-9.844957,2.892196,-0.407014
43583,1189,-9.509769,2.480393,0.086191
43584,1190,-9.557653,2.585738,0.445322
43585,1191,-9.452308,2.466028,0.047884
43586,1192,-9.562441,2.60968,-0.086191
43587,1193,-9.648633,2.590526,0.014365
43588,1194,-9.308656,2.456451,0.114922
43589,1195,-9.797073,2.480393,-0.158017
43590,1196,-9.504981,2.422932,0.023942
43591,1197,-9.399636,2.499547,0.469264
43592,1198,-10.611102,2.652775,0.905008
43593,1199,-9.212888,2.260126,-0.871489
43594,1200,-9.629479,2.466028,-0.023942
43595,1201,-9.59596,2.37026,-0.009577
43596,1202,-9.23683,2.475605,-0.09098
43597,1203,-9.514557,2.456451,0.138864
43598,1204,-9.294291,2.394202,0.3304
43599,1205,-9.528923,3.29921,0.177171
43600,1206,-9.370905,2.504335,0.129287
43601,1207,-9.557653,2.485181,-0.129287
43602,1208,-9.495404,2.580949,-0.09098
43603,1209,-9.294291,2.456451,0.186748
43604,1210,-9.385271,2.8491,-0.430956
43605,1211,-9.44752,2.446874,0.019154
43606,1212,-9.409213,2.394202,0.92895
43607,1213,-9.514557,2.470816,0.038307
43608,1214,-9.59596,2.48997,0.052672
43609,1215,-9.552865,2.351106,0.047884
43610,1216,-9.538499,2.523489,0.033519
43612,1218,-9.217676,2.351106,-0.019154
43613,1219,-9.495404,2.149993,0.138864
43614,1220,-13.627796,10.433931,1.762132
43615,1221,-9.385271,2.485181,0.124498
43616,1222,-9.452308,2.466028,0.043096
43617,1223,-9.519346,2.456451,0.062249
43618,1224,-9.528923,2.331952,0.009577
43619,1225,-9.471462,2.432509,-0.02873
43620,1226,-9.299079,2.322376,0.258574
43621,1227,-9.2081,2.375048,0.11971
43622,1228,-9.457097,2.432509,0.129287
43623,1229,-9.500192,2.432509,0.071826
43624,1230,-9.758766,2.691083,-2.475605
43625,1231,-9.457097,2.42772,0.043096
43626,1232,-9.662998,2.628833,0.167594
43627,1233,-9.490615,2.5187,-0.172383
43628,1234,-9.581595,2.389413,-0.268151
43629,1235,-9.198523,2.011129,3.845088
43630,1236,-9.701305,1.795651,1.489193
43631,1237,-9.471462,2.375048,0.253785
43632,1238,-9.543288,2.499547,-0.114922
43633,1239,-9.495404,2.5187,0.11971
43634,1240,-9.524134,2.437297,0.100556
43635,1241,-9.404424,2.442086,0.038307
43636,1242,-9.461885,2.451662,0.067038
43637,1243,-9.275137,1.805228,-0.363919
43638,1244,-9.572018,2.451662,0.162806
43639,1245,-9.184158,2.628833,-0.282516
43640,1246,-9.524134,2.528277,0.21069
43641,1247,-9.504981,2.322376,0.114922
43642,1248,-9.552865,2.42772,-0.023942
43643,1249,-9.562441,2.513912,-0.09098
43644,1250,-9.500192,2.327164,0.081403
43645,1251,-9.552865,2.542642,0.105345
43646,1252,-9.35654,2.442086,0.191536
43647,1253,-9.481039,2.437297,0.043096
43648,1254,-9.591172,2.485181,0.052672
43649,1255,-9.504981,2.303222,0.110133
43650,1256,-9.524134,2.375048,-0.019154
43651,1257,-9.366117,2.384625,0.277727
43652,1258,-9.605537,2.528277,0.248997
43653,1259,-9.452308,2.346318,-0.550666
43654,1260,-9.768343,2.815581,-0.823605
43655,1261,-9.318233,2.624045,-0.296881
43656,1262,-9.490615,2.456451,0.02873
43657,1263,-9.672575,2.944868,-0.134075
43658,1264,-9.495404,2.470816,-0.004788
43659,1265,-9.509769,2.480393,0.062249
43660,1266,-9.466673,2.446874,0.019154
43661,1267,-9.318233,2.408567,-0.282516
43662,1268,-9.452308,3.485958,-0.454898
43663,1269,-9.428366,2.27928,0.306458
43664,1270,-9.409213,2.494758,-0.148441
43665,1271,-9.390059,2.470816,0.148441
43666,1272,-9.552865,2.504335,0.062249
43667,1273,-9.519346,2.437297,0.019154
43668,1274,-9.433155,2.494758,0.215478
43669,1275,-11.410765,2.499547,0.076614
43670,1276,-9.466673,2.456451,0.067038
43671,1277,-9.045294,1.695095,-0.033519
43672,1278,-10.328586,4.668693,1.106121
43673,1279,-9.481039,2.212242,-0.062249
43674,1280,-10.170569,2.595315,-0.986411
43675,1281,-9.485827,2.39899,-0.02873
43676,1282,-9.495404,2.466028,0.076614
43677,1283,-9.591172,2.097321,0.78051
43678,1284,-9.418789,2.557007,0.177171
43679,1285,-0.54109,5.770026,11.654974
43680,1286,-9.404424,2.355894,0.306458
43681,1287,-9.361328,2.413355,0.296881
43682,1288,-9.442731,2.456451,0.09098
43683,1289,-9.452308,2.557007,0.047884
43684,1290,-8.724471,4.328717,-3.955221
43685,1291,-9.466673,2.580949,-0.047884
43686,1292,-9.533711,2.42772,-0.014365
43687,1293,-9.514557,2.456451,0.124498
43688,1294,-9.485827,2.485181,0.02873
43689,1295,-9.380482,2.513912,0.153229
43690,1296,-9.074024,2.42772,0.201113
43691,1297,-9.624691,2.418144,0.062249
43692,1298,-8.451532,2.422932,1.13964
43693,1299,-9.255984,2.466028,0.234632
43694,1300,-9.495404,2.030283,0.282516
43695,1301,-8.853758,2.121263,0.723049
43696,1302,-9.471462,2.39899,0.143652
43697,1303,-9.524134,2.537854,-0.067038
43698,1304,-9.179369,2.37026,0.229843
43699,1305,-10.122685,4.01747,-3.816357
43700,1306,-9.452308,2.643199,0.407014
43701,1307,-9.107543,3.356671,0.220267
43702,1308,-9.418789,2.437297,0.258574
43703,1309,-9.581595,2.557007,-0.057461
43704,1310,-9.184158,2.806004,-0.885855
43705,1311,-9.619902,2.576161,0.153229
43706,1312,-9.562441,2.37026,0.071826
43707,1313,-9.864111,1.359907,0.110133
43708,1314,-10.793061,3.217807,3.083732
43709,1315,-7.010222,2.360683,-1.805228
43710,1316,-9.581595,2.624045,-0.426168
43711,1317,-9.442731,2.557007,0.047884
43712,1318,-9.672575,2.585738,0.004788
43713,1319,-9.749189,2.509123,1.28808
43714,1320,-9.471462,2.533065,0.229843
43715,1321,-9.572018,2.480393,-0.320823
43716,1322,-9.964667,2.75812,-0.02873
43717,1323,-9.198523,2.863465,-0.962469
43718,1324,-10.180145,2.193089,-0.430956
43719,1325,-9.466673,2.485181,-0.071826
43720,1326,-9.639056,2.916138,-1.063026
43721,1327,-9.538499,2.533065,0.201113
43722,1328,-8.116344,1.61848,-3.845088
43723,1329,-9.538499,2.485181,-0.014365
43724,1330,-9.557653,2.494758,-0.21069
43725,1331,-9.624691,2.868254,0.038307
43726,1332,-9.390059,2.15957,1.312023
43727,1333,-9.682152,2.504335,0.067038
43728,1334,-9.131485,1.436521,-0.842759
43729,1335,-9.610325,2.341529,0
43730,1336,-9.581595,2.681506,-0.248997
43731,1337,-9.136274,2.413355,-0.095768
43732,1338,-9.390059,2.39899,0.057461
43733,1339,-9.466673,2.42772,0.043096
43734,1340,-9.514557,2.451662,0.057461
43735,1341,-9.56723,2.092532,0.09098
43736,1342,-9.524134,2.336741,0.038307
43737,1343,-9.490615,2.628833,-0.584185
43738,1344,-9.485827,2.231396,-0.68953
43739,1345,-9.385271,2.509123,-0.325611
43740,1346,-9.394847,3.169923,0.770933
43742,1348,-9.935937,-0.612916,0.196325
43743,1349,-9.543288,2.408567,-0.047884
43744,1350,-9.270349,2.499547,0.229843
43745,1351,-9.959879,3.184288,0.354342
43746,1352,-9.562441,2.456451,-0.35913
43747,1353,-9.504981,2.5187,0.138864
43748,1354,-9.452308,2.537854,0.076614
43749,1355,-9.375694,2.48997,0.062249
43750,1356,-9.500192,2.466028,0.014365
43751,1357,-9.385271,2.446874,0.019154
43752,1358,-9.461885,2.48997,0.038307
43753,1359,-9.524134,2.461239,0.09098
43754,1360,-9.481039,2.437297,0.100556
43755,1361,-9.481039,2.485181,0.047884
43756,1362,-9.47625,2.466028,0.009577
43757,1363,-9.433155,2.48997,0.076614
43758,1364,-9.47625,2.499547,0.067038
43759,1365,-9.466673,2.480393,0.047884
43760,1366,-9.471462,2.403778,-0.067038
43761,1367,-9.461885,2.48997,0.114922
43762,1368,-9.528923,2.470816,0.057461
43763,1369,-9.437943,2.480393,0.047884
43764,1370,-9.385271,2.42772,0.047884
43765,1371,-9.504981,2.432509,0.081403
43766,1372,-9.44752,2.432509,0.052672
43767,1373,-9.495404,2.470816,0.11971
43768,1374,-9.495404,2.480393,0.081403
43769,1375,-9.481039,2.466028,0.076614
43770,1376,-9.524134,2.470816,0.086191
43771,1377,-9.418789,2.42772,0.009577
43772,1378,-9.457097,2.446874,0.191536
43773,1379,-9.490615,2.451662,-0.009577
43774,1380,-9.485827,2.432509,0.047884
43775,1381,-9.509769,2.437297,0.067038
43776,1382,-9.490615,2.494758,-0.043096
43777,1383,-9.47625,2.48997,0.023942
43778,1384,-9.452308,2.413355,0.009577
43779,1385,-9.490615,2.48997,0.081403
43780,1386,-9.524134,2.466028,0.004788
43781,1387,-9.399636,2.48997,0.09098
43782,1388,-9.538499,2.485181,0.043096
43783,1389,-9.481039,2.470816,0.038307
43784,1390,-9.44752,2.466028,0.023942
43785,1391,-9.514557,2.504335,0.004788
43786,1392,-9.490615,2.461239,0.071826
43787,1393,-9.500192,2.461239,0.004788
43788,1394,-9.490615,2.451662,0
43789,1395,-9.481039,2.485181,0.047884
43790,1396,-9.490615,2.480393,0.110133
43791,1397,-9.495404,2.475605,0.100556
43792,1398,-9.404424,2.456451,0.158017
43793,1399,-9.485827,2.494758,-0.047884
43794,1400,-9.528923,2.437297,0.047884
43795,1401,-9.490615,2.461239,0.124498
43796,1402,-9.471462,2.494758,0.038307
43797,1403,-9.428366,2.633622,0.043096
43798,1404,-9.701305,2.226608,-0.521936
43799,1405,-5.990293,5.018247,-4.429273
43800,1406,-6.952762,-0.703895,0.775721
43801,1407,-8.461109,-1.024718,-2.724601
43802,1408,-8.111555,-6.885724,-2.600103
43803,1409,-3.222595,-7.120356,4.003105
43804,1410,-4.13718,-3.270479,7.939173
43805,1411,-2.322376,-4.089296,9.002198
43806,1412,-2.418144,-2.413355,9.212888
43807,1413,-1.661576,-3.356671,8.446743
43808,1414,-0.756568,-1.94888,9.289502
43809,1415,-0.991199,-2.264915,9.390059
43810,1416,-1.000776,-2.63841,9.222465
43811,1417,-1.106121,-2.839523,9.126697
43812,1418,-0.895431,-2.906561,8.753201
43813,1419,-1.106121,-2.853888,8.968679
43814,1420,-1.106121,-2.935291,9.035717
43815,1421,-0.92895,-3.145981,9.030929
43816,1422,-0.943315,-3.122039,9.016563
43817,1423,-0.962469,-3.098097,9.006987
43818,1424,-0.976834,-3.270479,8.99741
43819,1425,-0.890643,-3.351882,8.944737
43820,1426,-0.905008,-3.107674,9.078813
43821,1427,-0.967257,-3.150769,8.992621
43822,1428,-0.962469,-3.246537,9.093178
43823,1429,-0.952892,-3.1795,9.040505
43824,1430,-0.962469,-3.29921,9.016563
43825,1431,-0.957681,-3.236961,9.040505
43826,1432,-1.28808,-2.930503,9.203311
43827,1433,-1.072602,-1.896208,9.346963
43828,1434,-0.957681,-3.040636,9.069236
43829,1435,-0.967257,-3.122039,9.069236
43830,1436,-0.948104,-3.150769,8.810662
43831,1437,-0.967257,-3.189077,9.011775
43832,1438,-0.981623,-3.213019,9.074024
43833,1439,-0.943315,-3.217807,9.021352
43834,1440,-0.981623,-3.122039,8.99741
43835,1441,-0.938527,-3.380613,9.02614
43836,1442,-0.976834,-3.193865,9.083601
43837,1443,-0.995988,-3.165135,9.050082
43838,1444,-0.995988,-3.193865,8.987833
43839,1445,-0.972046,-3.251326,9.002198
43841,1447,-0.972046,-3.213019,9.030929
43842,1448,-0.991199,-3.241749,9.002198
43843,1449,-1.005565,-3.260903,8.954314
43844,1450,-0.981623,-3.203442,8.99741
43845,1451,-0.986411,-3.232172,9.011775
43846,1452,-0.991199,-3.193865,9.02614
43847,1453,-0.952892,-3.227384,8.973468
43848,1454,-0.967257,-3.241749,8.959103
43849,1455,-1.010353,-3.213019,9.002198
43850,1456,-0.981623,-3.236961,9.045294
43851,1457,-0.914585,-3.711013,8.911219
43852,1458,-1.101333,-2.925714,9.351752
43853,1459,-0.282516,-0.703895,9.610325
43854,1460,-0.225055,-0.622492,9.639056
43855,1461,-0.397437,-0.995988,9.591172
43856,1462,-0.943315,-1.388637,9.586383
43857,1463,-0.871489,-1.321599,9.552865
43858,1464,-0.90022,-1.307234,9.481039
43859,1465,-0.454898,-0.967257,9.538499
43860,1466,-0.751779,-1.01993,9.433155
43861,1467,-0.991199,-0.550666,9.538499
43862,1468,-0.727837,-1.225831,9.615114
43863,1469,-0.967257,-1.283292,9.504981
43864,1470,-0.981623,-1.335965,9.47625
43865,1471,-1.010353,-1.369483,9.461885
43866,1472,-0.991199,-1.326388,9.471462
43867,1473,-1.01993,-1.345541,9.452308
43868,1474,-1.010353,-1.335965,9.423578
43869,1475,-1.010353,-1.345541,9.433155
43870,1476,-1.015142,-1.37906,9.437943
43871,1477,-0.938527,-1.326388,9.160216
43872,1478,-1.029507,-1.436521,9.433155
43873,1479,-1.077391,-1.312023,9.485827
43874,1480,-1.010353,-1.335965,9.481039
43875,1481,-1.04866,-1.417367,9.442731
43876,1482,-1.029507,-1.388637,9.471462
43877,1483,-1.000776,-1.374272,9.514557
43878,1484,-1.043872,-1.374272,9.47625
43879,1485,-1.053449,-1.441309,9.504981
43880,1486,-1.039084,-1.383849,9.466673
43881,1487,-1.058237,-1.383849,9.509769
43882,1488,-1.053449,-1.383849,9.461885
43883,1489,-1.077391,-1.374272,9.500192
43884,1490,-1.058237,-1.355118,9.428366
43885,1491,-1.067814,-1.465251,9.442731
43886,1492,-1.015142,-1.37906,9.442731
43887,1493,-1.000776,-1.403002,9.471462
43888,1494,-1.072602,-1.412579,9.519346
43889,1495,-1.058237,-1.393425,9.442731
43890,1496,-1.063026,-1.393425,9.557653
43891,1497,-1.058237,-1.369483,9.394847
43892,1498,-1.039084,-1.393425,9.461885
43893,1499,-1.029507,-1.388637,9.428366
43894,1500,-1.053449,-1.417367,9.457097
43895,1501,-1.063026,-1.37906,9.481039
43896,1502,-1.039084,-1.412579,9.481039
43897,1503,-1.067814,-1.398214,9.404424
43898,1504,-1.029507,-1.474828,9.528923
43899,1505,-1.043872,-1.412579,9.500192
43900,1506,-1.058237,-1.374272,9.428366
43901,1507,-1.053449,-1.383849,9.442731
43902,1508,-1.039084,-1.374272,9.437943
43903,1509,-1.067814,-1.393425,9.481039
43904,1510,-1.082179,-1.374272,9.481039
43905,1511,-1.077391,-1.388637,9.44752
43906,1512,-1.077391,-1.374272,9.385271
43907,1513,-1.086968,-1.417367,9.404424
43908,1514,-1.096544,-1.383849,9.519346
43909,1515,-1.000776,-1.369483,9.366117
43910,1516,-1.082179,-1.383849,9.461885
43911,1517,-1.077391,-1.374272,9.433155
43912,1518,-1.058237,-1.403002,9.490615
43913,1519,-1.11091,-1.37906,9.481039
43914,1520,-1.063026,-1.403002,9.495404
43915,1521,-1.091756,-1.345541,9.471462
43916,1522,-1.043872,-1.436521,9.461885
43917,1523,-1.053449,-1.312023,9.452308
43918,1524,-1.04866,-1.383849,9.481039
43919,1525,-1.053449,-1.422156,9.442731
43920,1526,-1.072602,-1.388637,9.538499
43921,1527,-1.091756,-1.422156,9.466673
43922,1528,-1.04866,-1.407791,9.409213
43923,1529,-1.053449,-1.422156,9.47625
43924,1530,-1.058237,-1.37906,9.47625
43925,1531,-1.01993,-1.355118,9.490615
43926,1532,-1.077391,-1.426944,9.495404
43927,1533,-1.11091,-1.412579,9.481039
43928,1534,-1.072602,-1.417367,9.44752
43929,1535,-1.063026,-1.393425,9.461885
43930,1536,-1.072602,-1.455675,9.481039
43931,1537,-1.063026,-1.37906,9.442731
43932,1538,-1.072602,-1.403002,9.452308
43933,1539,-1.082179,-1.364695,9.47625
43934,1540,-1.067814,-1.450886,9.466673
43935,1541,-1.115698,-1.446098,9.548076
43936,1542,-1.11091,-1.426944,9.437943
43937,1543,-1.072602,-1.446098,9.528923
43938,1544,-1.096544,-1.493982,9.466673
43939,1545,-1.053449,-1.446098,9.375694
43940,1546,-1.077391,-1.345541,9.509769
43941,1547,-1.043872,-1.465251,9.47625
43942,1548,-1.072602,-1.412579,9.452308
43943,1549,-1.04866,-1.489193,9.385271
43944,1550,-1.053449,-1.374272,9.385271
43945,1551,-1.077391,-1.436521,9.346963
43946,1552,-1.04866,-1.436521,9.442731
43947,1553,-1.029507,-1.407791,9.394847
43948,1554,-1.058237,-1.37906,9.428366
43949,1555,-1.039084,-1.426944,9.47625
43950,1556,-1.067814,-1.417367,9.437943
43951,1557,-1.034295,-1.431733,9.461885
43952,1558,-1.101333,-1.374272,9.437943
43953,1559,-1.053449,-1.436521,9.414001
43954,1560,-1.01993,-1.355118,9.437943
43955,1561,-1.010353,-1.393425,9.437943
43956,1562,-1.096544,-1.436521,9.361328
43957,1563,-0.986411,-1.369483,9.437943
43958,1564,-1.086968,-1.49877,9.404424
43959,1565,-1.058237,-1.441309,9.466673
43960,1566,-1.120486,-1.450886,9.461885
43961,1567,-1.077391,-1.422156,9.437943
43962,1568,-1.067814,-1.422156,9.433155
43963,1569,-1.077391,-1.407791,9.414001
43965,1571,-1.058237,-1.388637,9.47625
43966,1572,-1.101333,-1.431733,9.481039
43967,1573,-1.096544,-1.403002,9.437943
43968,1574,-1.063026,-1.426944,9.485827
43969,1575,-1.077391,-1.450886,9.457097
43970,1576,-1.063026,-1.417367,9.437943
43971,1577,-1.106121,-1.388637,9.452308
43972,1578,-1.096544,-1.388637,9.519346
43973,1579,-1.067814,-1.431733,9.433155
43974,1580,-1.086968,-1.436521,9.457097
43975,1581,-1.082179,-1.446098,9.404424
43976,1582,-1.077391,-1.446098,9.495404
43977,1583,-1.063026,-1.422156,9.414001
43978,1584,-1.039084,-1.436521,9.495404
43979,1585,-1.063026,-1.412579,9.442731
43980,1586,-1.082179,-1.460463,9.528923
43981,1587,-1.086968,-1.479617,9.418789
43982,1588,-1.058237,-1.412579,9.504981
43983,1589,-1.077391,-1.422156,9.442731
43984,1590,-1.077391,-1.398214,9.437943
43985,1591,-1.067814,-1.441309,9.418789
43986,1592,-1.101333,-1.441309,9.500192
43987,1593,-1.082179,-1.474828,9.390059
43988,1594,-1.101333,-1.426944,9.500192
43989,1595,-1.072602,-1.49877,9.457097
43990,1596,-1.11091,-1.412579,9.394847
43991,1597,-1.082179,-1.426944,9.557653
43992,1598,-1.058237,-1.436521,9.394847
43993,1599,-0.986411,-1.455675,9.418789
43994,1600,-1.053449,-1.465251,9.452308
43995,1601,-1.053449,-1.417367,9.442731
43996,1602,-0.876278,-1.369483,9.370905
43997,1603,-1.077391,-1.460463,9.44752
43998,1604,-1.082179,-1.388637,9.409213
43999,1605,-1.067814,-1.455675,9.471462
44000,1606,-1.043872,-1.431733,9.437943
44001,1607,-1.11091,-1.407791,9.385271
44002,1608,-0.818817,-1.565808,9.246407
44003,1609,-1.154005,-1.61848,9.773131
44004,1610,-1.115698,-1.268927,9.504981
44005,1611,-1.106121,-1.455675,9.500192
44006,1612,-1.091756,-1.460463,9.437943
44007,1613,-1.077391,-1.446098,9.414001
44008,1614,-0.847547,-1.043872,8.42759
44009,1615,-1.082179,-1.527501,9.452308
44010,1616,-1.072602,-1.436521,9.366117
44011,1617,-0.981623,-1.254562,10.34774
44012,1618,-0.454898,-0.3304,1.369483
44013,1619,-1.091756,-1.158794,9.730036
44014,1620,-1.086968,-1.541866,9.390059
44015,1621,-1.086968,-1.297657,9.591172
44016,1622,-0.92895,-1.37906,9.083601
44017,1623,-0.972046,-0.842759,12.708422
44018,1624,-1.11091,-1.517924,9.457097
44019,1625,-1.11091,-1.532289,9.437943
44020,1626,-1.063026,-1.426944,9.47625
44021,1627,-1.067814,-1.441309,9.380482
44022,1628,-1.058237,-1.493982,8.662222
44023,1629,-1.211466,-1.302446,9.816227
44024,1630,-1.134852,-1.541866,9.380482
44025,1631,-0.967257,-1.546654,9.006987
44026,1632,-1.16837,-1.431733,9.490615
44027,1633,-1.225831,-1.762132,10.050859
44028,1634,-1.331176,-1.37906,9.26556
44029,1635,-0.876278,-1.762132,8.753201
44030,1636,-1.029507,-1.307234,9.682152
44031,1637,-1.173159,-0.986411,9.375694
44032,1638,-1.13964,-1.388637,9.385271
44033,1639,-1.077391,-1.532289,9.471462
44034,1640,-1.024718,-1.532289,9.47625
44035,1641,-1.091756,-1.484405,9.572018
44036,1642,-1.096544,-1.522712,8.8777
44037,1643,-1.005565,0.052672,12.167333
44038,1644,-2.432509,2.011129,7.335834
44039,1645,-1.221043,-1.077391,9.883264
44040,1646,-1.091756,-1.374272,9.548076
44041,1647,-1.024718,-1.546654,9.404424
44042,1648,-0.517148,0.158017,3.706224
44043,1649,-1.053449,-1.551443,9.32781
44044,1650,-1.173159,-1.465251,9.011775
44045,1651,-1.053449,-1.838747,8.355764
44046,1652,-1.043872,-1.513135,9.528923
44047,1653,-1.091756,-1.412579,9.332598
44048,1654,-1.072602,-1.398214,9.552865
44049,1655,-1.163582,-1.489193,9.121908
44050,1656,-0.766145,-2.236184,0.407014
44051,1657,-1.086968,-1.359907,9.481039
44052,1658,-1.283292,-1.584961,9.318233
44053,1659,-1.149217,-1.431733,7.76679
44054,1660,-1.173159,-1.503559,9.323021
44055,1661,-1.134852,-1.398214,9.457097
44056,1662,-1.149217,-1.398214,9.461885
44057,1663,-1.201889,-1.292869,8.8777
44058,1664,-1.158794,-1.474828,9.404424
44059,1665,-1.024718,-1.790863,8.925584
44060,1666,-1.292869,-1.312023,9.102755
44061,1667,-1.053449,-1.685518,10.414777
44062,1668,-1.034295,-1.446098,9.203311
44063,1669,-1.096544,-1.455675,9.485827
44064,1670,-0.641646,-1.541866,8.508993
44065,1671,-1.091756,-1.546654,9.409213
44066,1672,-1.13964,-1.359907,9.667786
44067,1673,-1.149217,-1.455675,9.437943
44068,1674,-0.933739,-1.522712,9.198523
44069,1675,-1.120486,-1.417367,9.481039
44070,1676,-0.976834,-1.508347,9.323021
44071,1677,-1.149217,-1.450886,9.2081
44072,1678,-0.708684,-0.804452,8.365341
44073,1679,-1.134852,-1.446098,9.543288
44074,1680,-0.948104,-1.628057,9.179369
44075,1681,-1.053449,-1.312023,9.313444
44076,1682,-1.120486,-1.666364,9.078813
44077,1683,-1.067814,-1.23062,9.136274
44078,1684,-1.096544,-1.632846,8.57603
44079,1685,-1.345541,-1.503559,9.270349
44080,1686,-0.962469,-1.216254,9.294291
44081,1687,-1.058237,-0.191536,5.023035
44082,1688,-1.149217,-1.561019,9.433155
44083,1689,-0.943315,-1.355118,9.533711
44084,1690,-1.11091,-1.49877,9.366117
44085,1691,-1.163582,-1.594538,9.576807
44086,1692,-1.101333,-1.484405,9.619902
44087,1693,-1.11091,-1.508347,9.433155
44088,1694,-1.101333,-1.503559,9.279926
44089,1695,-1.072602,-1.364695,9.572018
44090,1696,-1.120486,-1.450886,9.433155
44091,1697,-1.082179,-1.522712,9.409213
44092,1698,-1.04866,-1.508347,9.35654
44093,1699,-1.460463,-1.632846,10.500968
44094,1700,-1.106121,-1.455675,9.428366
44095,1701,-1.067814,-1.450886,9.490615
44096,1702,-1.053449,-1.503559,9.524134
44097,1703,-1.077391,-1.493982,9.495404
44098,1704,-1.149217,-1.517924,9.404424
44099,1705,-1.125275,-1.484405,9.56723
44100,1706,-1.101333,-1.359907,9.452308
44101,1707,-1.154005,-1.814805,8.149862
44102,1708,-0.981623,-1.838747,7.015011
44103,1709,-1.197101,-1.460463,9.59596
44104,1710,-1.125275,-1.465251,9.409213
44105,1711,-1.154005,-1.58975,9.289502
44106,1712,-0.962469,-0.766145,9.121908
44107,1713,-1.015142,-1.398214,9.466673
44108,1714,-1.096544,-1.450886,8.753201
44109,1715,-1.082179,-1.489193,9.26556
44110,1716,-1.355118,-1.819593,11.018116
44111,1717,-0.703895,-1.211466,4.850653
44113,1719,-1.024718,-1.924938,9.902418
44114,1720,-1.015142,-1.508347,8.935161
44115,1721,-1.154005,-1.345541,9.394847
44116,1722,-0.933739,-1.374272,10.266337
44117,1723,-0.976834,-1.359907,8.767566
44118,1724,-1.268927,-1.508347,9.533711
44119,1725,-1.034295,-1.125275,9.418789
44120,1726,-1.192312,-1.383849,9.500192
44121,1727,-1.13964,-1.446098,9.433155
44122,1728,-1.187524,-1.584961,9.380482
44123,1729,-1.374272,-1.977611,9.466673
44124,1730,-0.995988,-1.49877,9.528923
44125,1731,-1.058237,-1.436521,9.706094
44126,1732,-1.115698,-1.479617,9.461885
44127,1733,-1.316811,-1.551443,8.264784
44128,1734,-1.23062,-1.474828,9.562441
44129,1735,-1.163582,-2.394202,9.821015
44130,1736,1.527501,-1.532289,-1.206678
44131,1737,-1.321599,-1.675941,9.576807
44132,1738,-1.091756,-1.474828,9.461885
44133,1739,-1.173159,-1.35033,9.44752
44134,1740,-1.130063,-1.479617,9.303868
44135,1741,-1.096544,-1.513135,9.404424
44136,1742,-1.072602,-1.561019,9.409213
44137,1743,-0.972046,-1.422156,9.323021
44138,1744,-1.072602,-1.80044,9.02614
44139,1745,-1.043872,-1.493982,9.342175
44140,1746,-1.101333,-2.643199,8.944737
44141,1747,-1.158794,-1.656788,9.318233
44142,1748,-1.072602,-1.594538,9.615114
44143,1749,-1.024718,-1.383849,9.68694
44144,1750,-1.163582,-1.455675,9.466673
44145,1751,-1.149217,-1.493982,9.47625
44146,1752,-0.90022,-1.647211,9.452308
44147,1753,-1.144428,-1.527501,9.524134
44148,1754,-1.106121,-1.537077,9.471462
44149,1755,-1.067814,-1.484405,9.433155
44150,1756,-0.948104,-1.374272,9.47625
44151,1757,-0.857124,-1.541866,9.71567
44152,1758,-1.072602,-1.398214,9.26556
44153,1759,-1.158794,-1.211466,9.428366
44154,1760,-1.154005,-1.623269,10.366893
44155,1761,-1.058237,-1.412579,9.217676
44156,1762,-1.11091,-1.450886,9.294291
44157,1763,-1.182736,-1.441309,9.409213
44158,1764,-1.221043,-1.546654,9.390059
44159,1765,-1.039084,-1.843535,9.212888
44160,1766,-1.005565,-1.369483,9.232042
44161,1767,-1.403002,-1.905785,7.790732
44162,1768,-1.039084,-1.441309,9.241618
44163,1769,-2.15957,-2.451662,17.712304
44164,1770,-1.144428,-1.489193,9.380482
44165,1771,-1.187524,-1.417367,9.457097
44166,1772,-1.206678,-1.450886,9.538499
44167,1773,-1.130063,-1.584961,9.457097
44168,1774,-1.149217,-1.532289,9.71567
44169,1775,-1.063026,-0.90022,9.437943
44170,1776,2.595315,6.943185,6.469133
44171,1777,-1.106121,-1.489193,9.294291
44172,1778,-1.130063,-1.484405,9.32781
44173,1779,-1.034295,-1.441309,9.11712
44174,1780,-1.067814,-1.465251,10.204087
44175,1781,-1.158794,-1.699883,9.471462
44176,1782,-1.086968,-1.398214,9.26556
44177,1783,-0.995988,-1.49877,9.710882
44178,1784,-1.096544,-2.576161,7.369353
44179,1785,-1.015142,-1.561019,9.021352
44180,1786,-1.149217,-1.594538,9.44752
44181,1787,-0.995988,-1.537077,9.361328
44182,1788,-1.158794,-1.551443,9.461885
44183,1789,-1.173159,-1.312023,9.950302
44184,1790,-0.92895,-1.25935,8.834604
44185,1791,-1.058237,-1.561019,9.576807
44186,1792,-1.206678,-1.474828,9.457097
44187,1793,-1.149217,-1.398214,9.490615
44188,1794,-1.16837,-1.594538,9.409213
44189,1795,-1.120486,-1.623269,9.433155
44190,1796,-1.053449,-1.766921,9.11712
44191,1797,0.292093,-1.532289,5.209783
44192,1798,-1.043872,-1.407791,9.366117
44193,1799,-1.13964,-1.455675,9.385271
44194,1800,-0.905008,-1.426944,9.064447
44195,1801,-1.11091,-1.49877,9.433155
44196,1802,-1.082179,-1.68073,9.481039
44197,1803,-1.455675,-2.37026,8.18817
44198,1804,-1.115698,-1.422156,9.332598
44199,1805,-1.120486,-1.58975,9.47625
44200,1806,-1.158794,-1.493982,9.375694
44201,1807,-1.010353,-1.388637,9.260772
44202,1808,-1.11091,-1.388637,9.47625
44203,1809,-1.120486,-1.426944,9.548076
44204,1810,-1.154005,-1.580173,9.490615
44205,1811,-1.106121,-1.479617,9.442731
44206,1812,-1.125275,-1.522712,9.457097
44207,1813,-1.106121,-1.493982,9.418789
44208,1814,-1.125275,-1.527501,9.504981
44209,1815,-1.11091,-1.47004,9.404424
44210,1816,-1.101333,-1.489193,9.481039
44211,1817,-1.101333,-1.517924,9.47625
44212,1818,-1.144428,-1.551443,9.576807
44213,1819,-1.130063,-1.541866,9.500192
44214,1820,-1.086968,-1.436521,9.346963
44215,1821,-1.072602,-1.503559,9.370905
44216,1822,-1.144428,-1.517924,9.495404
44217,1823,-1.086968,-1.517924,9.35654
44218,1824,-1.091756,-1.537077,9.466673
44219,1825,-1.082179,-1.47004,9.414001
44220,1826,-1.134852,-1.484405,9.504981
44221,1827,-1.091756,-1.517924,9.394847
44222,1828,-1.106121,-1.527501,9.442731
44223,1829,-1.101333,-1.508347,9.423578
44224,1830,-1.11091,-1.493982,9.418789
44225,1831,-1.086968,-1.503559,9.44752
44226,1832,-1.077391,-1.49877,9.414001
44227,1833,-1.130063,-1.527501,9.404424
44228,1834,-1.134852,-1.522712,9.414001
44229,1835,-1.091756,-1.517924,9.485827
44230,1836,-1.115698,-1.537077,9.485827
44231,1837,-1.053449,-1.503559,9.457097
44232,1838,-1.120486,-1.537077,9.35654
44233,1839,-1.120486,-1.517924,9.44752
44234,1840,-1.115698,-1.546654,9.461885
44235,1841,-1.120486,-1.522712,9.423578
44236,1842,-1.120486,-1.513135,9.485827
44237,1843,-1.130063,-1.474828,9.466673
44238,1844,-1.144428,-1.436521,9.504981
44239,1845,-1.173159,-1.556231,9.466673
44240,1846,-1.125275,-1.532289,9.409213
44241,1847,-1.077391,-1.49877,9.404424
44242,1848,-1.125275,-1.513135,9.423578
44243,1849,-1.120486,-1.532289,9.332598
44244,1850,-1.101333,-1.484405,9.490615
44245,1851,-1.149217,-1.484405,9.452308
44246,1852,-1.096544,-1.508347,9.375694
44247,1853,-1.096544,-1.527501,9.414001
44248,1854,-1.101333,-1.503559,9.375694
44249,1855,-1.120486,-1.460463,9.481039
44250,1856,-1.091756,-1.489193,9.639056
44251,1857,-1.149217,-1.541866,9.552865
44252,1858,-1.024718,-1.417367,9.500192
44253,1859,-1.082179,-1.541866,9.414001
44254,1860,-1.077391,-1.465251,9.471462
44255,1861,-1.106121,-0.742203,9.825804
44256,1862,-1.115698,-1.474828,9.44752
44257,1863,-1.115698,-1.527501,9.409213
44258,1864,-1.134852,-1.513135,9.414001
44259,1865,-1.125275,-1.49877,9.414001
44260,1866,-1.11091,-1.503559,9.461885
44261,1867,-1.149217,-1.489193,9.433155
44262,1868,-1.134852,-1.455675,9.418789
44263,1869,-1.13964,-1.532289,9.44752
44264,1870,-1.11091,-1.460463,9.481039
44265,1871,-1.120486,-1.517924,9.433155
44267,1873,-1.091756,-1.493982,9.303868
44268,1874,-1.154005,-1.517924,9.428366
44269,1875,-1.130063,-1.551443,9.423578
44270,1876,-1.144428,-1.527501,9.44752
44271,1877,-1.106121,-1.508347,9.437943
44272,1878,-1.101333,-1.527501,9.414001
44273,1879,-1.125275,-1.537077,9.519346
44274,1880,-1.149217,-1.522712,9.466673
44275,1881,-1.106121,-1.47004,9.466673
44276,1882,-1.13964,-1.527501,9.504981
44277,1883,-1.067814,-1.503559,9.428366
44278,1884,-1.106121,-1.551443,9.457097
44279,1885,-1.096544,-1.503559,9.428366
44280,1886,-1.120486,-1.537077,9.380482
44281,1887,-1.091756,-1.441309,9.552865
44282,1888,-1.067814,-1.446098,9.428366
44283,1889,-1.115698,-1.474828,9.437943
44284,1890,-1.130063,-1.580173,9.404424
44285,1891,-1.106121,-1.474828,9.366117
44286,1892,-1.115698,-1.493982,9.442731
44287,1893,-1.120486,-1.517924,9.471462
44288,1894,-1.134852,-1.479617,9.428366
44289,1895,-1.115698,-1.556231,9.481039
44290,1896,-1.134852,-1.508347,9.428366
44291,1897,-1.13964,-1.503559,9.452308
44292,1898,-1.125275,-1.824382,9.169792
44293,1899,-1.134852,-0.454898,9.797073
44294,1900,-1.130063,-1.484405,9.47625
44295,1901,-1.101333,-1.527501,9.495404
44296,1902,-1.177947,-1.508347,9.414001
44297,1903,-1.144428,-1.508347,9.385271
44298,1904,-1.130063,-1.508347,9.504981
44299,1905,-1.11091,-1.527501,9.514557
44300,1906,-1.091756,-1.49877,9.428366
44301,1907,-1.11091,-1.527501,9.44752
44302,1908,-1.125275,-1.522712,9.385271
44303,1909,-1.13964,-1.522712,9.457097
44304,1910,-1.106121,-1.522712,9.471462
44305,1911,-1.120486,-1.49877,9.452308
44306,1912,-1.096544,-1.527501,9.495404
44307,1913,-1.134852,-1.517924,9.437943
44308,1914,-1.115698,-1.541866,9.466673
44309,1915,-1.149217,-1.537077,9.466673
44310,1916,-1.130063,-1.532289,9.428366
44311,1917,-1.120486,-1.522712,9.399636
44312,1918,-1.067814,-1.537077,9.47625
44313,1919,-1.086968,-1.517924,9.390059
44314,1920,-1.101333,-1.503559,9.442731
44315,1921,-1.120486,-1.479617,9.418789
44316,1922,-1.091756,-1.49877,9.394847
44317,1923,-1.120486,-1.479617,9.47625
44318,1924,-1.144428,-1.493982,9.47625
44319,1925,-1.091756,-1.537077,9.524134
44320,1926,-1.11091,-1.489193,9.428366
44321,1927,-1.101333,-1.517924,9.452308
44322,1928,-1.130063,-1.508347,9.399636
44323,1929,-1.11091,-1.546654,9.414001
44324,1930,-1.082179,-1.47004,9.452308
44325,1931,-1.115698,-1.541866,9.366117
44326,1932,-1.115698,-1.503559,9.442731
44327,1933,-1.063026,-1.508347,9.409213
44328,1934,-1.13964,-1.527501,9.457097
44329,1935,-1.11091,-1.541866,9.471462
44330,1936,-1.149217,-1.508347,9.452308
44331,1937,-1.077391,-1.479617,9.399636
44332,1938,-1.144428,-1.484405,9.433155
44333,1939,-1.130063,-1.479617,9.423578
44334,1940,-1.115698,-1.532289,9.466673
44335,1941,-1.091756,-1.527501,9.466673
44336,1942,-1.086968,-1.503559,9.442731
44337,1943,-1.106121,-1.508347,9.418789
44338,1944,-1.091756,-1.474828,9.409213
44339,1945,-1.101333,-1.527501,9.442731
44340,1946,-1.077391,-1.522712,9.428366
44341,1947,-1.16837,-1.546654,9.437943
44342,1948,-0.957681,-1.326388,10.711658
44343,1949,-1.082179,-1.61848,9.394847
44344,1950,-0.972046,-1.096544,9.045294
44345,1951,-1.134852,-1.527501,9.437943
44346,1952,-1.130063,-1.335965,9.466673
44347,1953,-1.130063,-1.541866,9.500192
44348,1954,-1.115698,-1.450886,9.500192
44349,1955,-1.197101,-1.383849,9.375694
44350,1956,-1.13964,-1.532289,9.409213
44351,1957,-1.115698,-1.474828,9.485827
44352,1958,-1.005565,-1.431733,9.385271
44353,1959,-1.086968,-1.47004,9.390059
44354,1960,-1.096544,-1.522712,9.47625
44355,1961,-1.163582,-1.513135,9.404424
44356,1962,-1.115698,-1.450886,9.409213
44357,1963,-1.101333,-1.527501,9.414001
44358,1964,-1.120486,-1.541866,9.471462
44359,1965,-1.086968,-1.479617,9.418789
44360,1966,-1.125275,-1.551443,9.385271
44361,1967,-1.125275,-1.489193,9.44752
44362,1968,-1.096544,-1.532289,9.466673
44363,1969,-1.173159,-1.465251,9.428366
44364,1970,-1.082179,-1.493982,9.404424
44365,1971,-1.067814,-1.546654,9.423578
44366,1972,-1.134852,-1.532289,9.47625
44367,1973,-1.096544,-1.508347,9.452308
44368,1974,-1.278504,-1.599327,9.979033
44369,1975,-1.173159,-1.479617,9.466673
44370,1976,-1.096544,-1.49877,9.485827
44371,1977,-1.091756,-1.517924,9.428366
44372,1978,-1.134852,-1.570596,9.423578
44373,1979,-1.106121,-1.623269,9.437943
44374,1980,-1.163582,-1.364695,9.380482
44375,1981,-1.067814,-1.575385,9.481039
44376,1982,-1.144428,-1.551443,9.418789
44377,1983,-1.182736,-1.623269,10.151415
44378,1984,-1.130063,-1.561019,9.44752
44379,1985,-1.158794,-1.493982,9.442731
44380,1986,-1.072602,-1.685518,9.366117
44381,1987,-1.16837,-1.575385,9.390059
44382,1988,-1.091756,-1.47004,9.471462
44383,1989,-1.144428,-1.522712,9.437943
44384,1990,-1.120486,-1.450886,10.170569
44385,1991,-1.120486,-1.527501,9.414001
44386,1992,-1.149217,-1.479617,9.490615
44387,1993,-1.125275,-1.556231,9.490615
44388,1994,-1.04866,-1.326388,9.500192
44389,1995,-1.082179,-1.489193,9.490615
44390,1996,-1.130063,-1.532289,9.385271
44391,1997,-1.130063,-1.556231,9.543288
44392,1998,-1.091756,-1.527501,9.313444
44393,1999,-1.158794,-1.537077,9.514557
44394,2000,-1.11091,-1.513135,9.442731
44395,2001,-1.067814,-1.484405,9.461885
44396,2002,-1.149217,-1.393425,9.495404
44397,2003,-1.125275,-1.450886,9.404424
44398,2004,-1.120486,-1.335965,9.44752
44399,2005,-1.120486,-1.537077,9.44752
44400,2006,-1.13964,-1.513135,9.423578
44401,2007,-1.11091,-1.493982,9.485827
44402,2008,-1.115698,-1.489193,9.495404
44403,2009,-1.11091,-1.479617,9.437943
44404,2010,-1.115698,-1.479617,9.428366
44405,2011,-1.096544,-1.532289,9.437943
44406,2012,-1.134852,-1.513135,9.452308
44407,2013,-1.144428,-1.541866,9.414001
44408,2014,-1.11091,-1.522712,9.466673
44409,2015,-1.115698,-1.522712,9.409213
44410,2016,-1.106121,-1.537077,9.423578
44411,2017,-1.115698,-1.503559,9.457097
44412,2018,-1.086968,-1.584961,9.385271
44413,2019,-1.149217,-1.541866,9.404424
44414,2020,-1.11091,-1.575385,9.366117
44415,2021,-1.407791,-1.106121,9.02614
44416,2022,-1.134852,-1.49877,9.452308
44417,2023,-1.125275,-1.484405,9.437943
44419,2025,-1.134852,-1.49877,9.361328
44420,2026,-1.115698,-1.493982,9.452308
44421,2027,-1.144428,-1.508347,9.485827
44422,2028,-1.134852,-1.474828,9.428366
44423,2029,-1.16837,-1.422156,9.409213
44424,2030,-1.154005,-1.522712,9.418789
44425,2031,-1.082179,-1.537077,9.399636
44426,2032,-1.106121,-1.527501,9.394847
44427,2033,-1.096544,-1.537077,9.433155
44428,2034,-1.115698,-1.503559,9.418789
44429,2035,-1.134852,-1.537077,9.428366
44430,2036,-1.11091,-1.541866,9.437943
44431,2037,-1.144428,-1.517924,9.452308
44432,2038,-1.106121,-1.527501,9.557653
44433,2039,-1.134852,-1.450886,9.337386
44434,2040,-1.072602,-1.522712,9.351752
44435,2041,-1.144428,-1.513135,9.471462
44436,2042,-1.115698,-1.508347,9.409213
44437,2043,-1.115698,-1.484405,9.390059
44438,2044,-1.125275,-1.450886,9.442731
44439,2045,-1.082179,-1.522712,9.442731
44440,2046,-1.149217,-1.546654,9.495404
44441,2047,-1.11091,-1.513135,9.414001
44442,2048,-1.086968,-1.484405,9.380482
44443,2049,-1.134852,-1.479617,9.414001
44444,2050,-1.125275,-1.532289,9.433155
44445,2051,-1.130063,-1.537077,9.361328
44446,2052,-1.134852,-1.517924,9.471462
44447,2053,-1.134852,-1.49877,9.437943
44448,2054,-1.125275,-1.508347,9.346963
44449,2055,-1.120486,-1.541866,9.409213
44450,2056,-1.082179,-1.513135,9.385271
44451,2057,-1.077391,-1.527501,9.466673
44452,2058,-1.11091,-1.537077,9.457097
44453,2059,-1.125275,-1.537077,9.461885
44454,2060,-1.096544,-1.508347,9.390059
44455,2061,-1.130063,-1.513135,9.428366
44456,2062,-1.106121,-1.561019,9.399636
44457,2063,-1.149217,-1.474828,9.47625
44458,2064,-1.134852,-1.517924,9.370905
44459,2065,-1.130063,-1.49877,9.509769
44460,2066,-1.125275,-1.532289,9.404424
44461,2067,-1.067814,-1.546654,9.442731
44462,2068,-1.125275,-1.522712,9.399636
44463,2069,-1.144428,-1.522712,9.433155
44464,2070,-1.115698,-1.508347,9.44752
44465,2071,-1.206678,-1.561019,9.538499
44466,2072,-1.115698,-1.489193,9.504981
44467,2073,-1.144428,-1.489193,9.394847
44468,2074,-1.077391,-1.493982,9.351752
44469,2075,-1.134852,-1.527501,9.375694
44470,2076,-1.086968,-1.431733,9.44752
44471,2077,-1.086968,-1.450886,9.423578
44472,2078,-1.106121,-1.465251,9.399636
44473,2079,-1.158794,-1.541866,9.47625
44474,2080,-1.173159,-1.551443,9.648633
44475,2081,-1.096544,-1.479617,9.524134
44476,2082,-1.091756,-1.489193,9.35654
44477,2083,-1.130063,-1.546654,9.433155
44478,2084,-1.115698,-1.508347,9.452308
44479,2085,-1.163582,-1.537077,9.557653
44480,2086,-1.120486,-1.513135,9.44752
44481,2087,-1.134852,-1.527501,9.409213
44482,2088,-1.106121,-1.517924,9.481039
44483,2089,-1.043872,-1.527501,9.370905
44484,2090,-1.015142,-1.546654,9.342175
44485,2091,-1.182736,-1.537077,9.490615
44486,2092,-1.144428,-1.541866,9.404424
44487,2093,-1.096544,-1.474828,9.471462
44488,2094,-1.216254,-1.551443,9.600749
44489,2095,-1.082179,-1.570596,9.466673
44490,2096,-1.16837,-1.49877,9.361328
44491,2097,-1.053449,-1.561019,9.44752
44492,2098,-1.096544,-1.532289,9.284714
44493,2099,-0.933739,-1.584961,9.423578
44494,2100,-1.058237,-1.599327,9.361328
44495,2101,-1.144428,-1.484405,9.385271
44496,2102,-1.091756,-1.551443,9.380482
44497,2103,-1.134852,-1.431733,9.433155
44498,2104,-1.120486,-1.522712,9.481039
44499,2105,-1.206678,-1.503559,9.44752
44500,2106,-1.082179,-1.513135,9.44752
44501,2107,-1.091756,-1.49877,9.404424
44502,2108,-1.082179,-1.541866,9.404424
44503,2109,-1.063026,-1.551443,9.481039
44504,2110,-1.13964,-1.532289,9.423578
44505,2111,-1.072602,-1.527501,9.519346
44506,2112,-1.154005,-1.503559,9.428366
44507,2113,-1.120486,-1.561019,9.423578
44508,2114,-1.115698,-1.537077,9.466673
44509,2115,-1.125275,-1.465251,9.418789
44510,2116,-1.154005,-1.484405,9.394847
44511,2117,-1.077391,-1.522712,9.35654
44512,2118,-1.187524,-1.551443,9.375694
44513,2119,-1.115698,-1.551443,9.457097
44514,2120,-1.115698,-1.49877,9.466673
44515,2121,-1.130063,-1.565808,9.433155
44516,2122,-1.106121,-1.580173,9.495404
44517,2123,-1.16837,-1.47004,9.519346
44518,2124,-1.120486,-1.570596,9.466673
44519,2125,-1.106121,-1.58975,9.394847
44520,2126,-1.125275,-1.474828,9.418789
44521,2127,-1.101333,-1.503559,9.318233
44522,2128,-1.082179,-1.493982,9.437943
44523,2129,-1.177947,-1.541866,9.32781
44524,2130,-1.173159,-1.556231,9.380482
44525,2131,-1.23062,-1.398214,9.375694
44526,2132,-1.091756,-1.407791,9.279926
44527,2133,-1.106121,-1.503559,9.385271
44528,2134,-1.072602,-1.493982,9.433155
44529,2135,-1.134852,-1.565808,9.528923
44530,2136,-1.154005,-1.446098,9.495404
44531,2137,-1.154005,-1.484405,9.490615
44532,2138,-1.106121,-1.426944,9.342175
44533,2139,-1.086968,-1.517924,9.452308
44534,2140,-1.072602,-1.613692,9.562441
44535,2141,-1.015142,-1.398214,9.217676
44536,2142,-1.077391,-1.345541,9.246407
44537,2143,-1.120486,-1.561019,9.318233
44538,2144,-1.206678,-1.508347,9.998186
44539,2145,-1.077391,-1.446098,9.481039
44540,2146,-1.015142,-1.594538,9.255984
44541,2147,-1.01993,-1.570596,9.902418
44542,2148,-1.130063,-1.508347,9.380482
44543,2149,-1.206678,-1.522712,9.035717
44544,2150,-1.120486,-1.604115,9.351752
44545,2151,-1.173159,-1.565808,9.615114
44546,2152,-1.144428,-1.47004,9.308656
44547,2153,-1.197101,-1.493982,9.634267
44548,2154,-1.182736,-1.503559,9.35654
44549,2155,-1.072602,-1.570596,9.739612
44550,2156,-1.125275,-1.513135,9.495404
44551,2157,-1.182736,-1.422156,9.691728
44552,2158,-1.115698,-1.570596,9.524134
44553,2159,-1.077391,-1.517924,9.399636
44554,2160,-1.134852,-1.551443,9.557653
44555,2161,-1.177947,-1.407791,9.514557
44556,2162,-1.182736,-1.479617,9.380482
44557,2163,-1.120486,-1.474828,9.634267
44558,2164,-1.144428,-1.460463,9.423578
44559,2165,-1.106121,-1.517924,9.44752
44560,2166,-1.149217,-1.532289,9.461885
44561,2167,-1.120486,-1.532289,9.414001
44562,2168,-1.125275,-1.493982,9.452308
44563,2169,-1.130063,-1.508347,9.404424
44564,2170,-1.101333,-1.517924,9.466673
44565,2171,-1.158794,-1.561019,9.495404
44566,2172,-1.130063,-1.479617,9.44752
44567,2173,-1.063026,-1.886631,9.313444
44568,2174,-1.096544,-2.226608,9.227253
44569,2175,-1.642422,-1.522712,9.658209
44570,2176,-1.283292,-1.623269,9.390059
44571,2177,-1.192312,-1.546654,9.390059
44573,2179,-1.120486,-1.551443,9.442731
44574,2180,-1.192312,-1.532289,9.557653
44575,2181,-1.192312,-1.49877,9.485827
44576,2182,-1.091756,-1.422156,9.44752
44577,2183,-1.000776,-1.493982,9.260772
44578,2184,-1.149217,-1.508347,9.471462
44579,2185,-1.072602,-1.517924,9.514557
44580,2186,-1.072602,-1.551443,9.428366
44581,2187,-1.125275,-1.570596,9.433155
44582,2188,-1.101333,-1.49877,9.184158
44583,2189,-1.240196,-1.604115,9.466673
44584,2190,-1.115698,-1.580173,9.279926
44585,2191,-1.163582,-1.561019,9.437943
44586,2192,-1.072602,-1.561019,9.370905
44587,2193,-0.775721,-0.933739,8.671798
44588,2194,-1.115698,-1.704672,9.816227
44589,2195,-1.067814,-1.407791,9.308656
44590,2196,-1.13964,-1.527501,9.600749
44591,2197,-1.158794,-1.561019,9.490615
44592,2198,-1.149217,-1.647211,9.773131
44593,2199,-0.723049,-1.273715,9.471462
44594,2200,-1.13964,-1.527501,9.404424
44595,2201,-1.130063,-1.527501,9.47625
44596,2202,-1.268927,-1.541866,9.591172
44597,2203,-1.134852,-1.508347,9.399636
44598,2204,-1.101333,-1.537077,9.437943
44599,2205,-1.101333,-1.532289,9.418789
44600,2206,-1.130063,-1.479617,9.409213
44601,2207,-1.134852,-1.551443,9.404424
44602,2208,-1.11091,-1.551443,9.481039
44603,2209,-1.120486,-1.556231,9.423578
44604,2210,-1.13964,-1.537077,9.437943
44605,2211,-1.086968,-1.532289,9.437943
44606,2212,-1.125275,-1.493982,9.452308
44607,2213,-1.072602,-1.49877,9.509769
44608,2214,-1.120486,-1.513135,9.461885
44609,2215,-1.130063,-1.508347,9.442731
44610,2216,-1.13964,-1.527501,9.471462
44611,2217,-1.134852,-1.508347,9.485827
44612,2218,-1.082179,-1.537077,9.471462
44613,2219,-1.130063,-1.508347,9.418789
44614,2220,-1.115698,-1.513135,9.409213
44615,2221,-1.086968,-1.537077,9.428366
44616,2222,-1.13964,-1.517924,9.414001
44617,2223,-1.115698,-1.537077,9.461885
44618,2224,-1.11091,-1.541866,9.414001
44619,2225,-1.058237,-1.546654,9.414001
44620,2226,-1.125275,-1.537077,9.399636
44621,2227,-1.120486,-1.532289,9.428366
44622,2228,-1.096544,-1.546654,9.414001
44623,2229,-1.106121,-1.541866,9.428366
44624,2230,-1.120486,-1.527501,9.481039
44625,2231,-1.149217,-1.474828,9.394847
44626,2232,-1.120486,-1.546654,9.414001
44627,2233,-1.101333,-1.503559,9.385271
44628,2234,-1.115698,-1.517924,9.461885
44629,2235,-1.091756,-1.537077,9.457097
44630,2236,-1.125275,-1.522712,9.481039
44631,2237,-1.13964,-1.517924,9.409213
44632,2238,-1.158794,-1.532289,9.471462
44633,2239,-1.11091,-1.546654,9.452308
44634,2240,-1.086968,-1.561019,9.471462
44635,2241,-1.096544,-1.570596,9.442731
44636,2242,-1.144428,-1.527501,9.428366
44637,2243,-1.13964,-1.522712,9.490615
44638,2244,-1.115698,-1.508347,9.490615
44639,2245,-1.101333,-1.565808,9.404424
44640,2246,-1.144428,-1.527501,9.375694
44641,2247,-1.106121,-1.508347,9.428366
44642,2248,-1.115698,-1.565808,9.414001
44643,2249,-1.125275,-1.474828,9.461885
44644,2250,-1.125275,-1.546654,9.361328
44645,2251,-1.11091,-1.527501,9.418789
44646,2252,-1.125275,-1.546654,9.409213
44647,2253,-1.120486,-1.522712,9.418789
44648,2254,-1.106121,-1.541866,9.437943
44649,2255,-1.130063,-1.532289,9.428366
44650,2256,-1.13964,-1.503559,9.394847
44651,2257,9.428366,-18.942924,-21.906945
44652,2258,-1.096544,-1.527501,9.44752
44653,2259,-1.101333,-1.537077,9.442731
44654,2260,-1.154005,-1.561019,9.404424
44655,2261,-1.125275,-1.546654,9.414001
44656,2262,-1.13964,-1.49877,9.452308
44657,2263,-1.082179,-1.532289,9.437943
44658,2264,-1.134852,-1.479617,9.509769
44659,2265,-1.154005,-1.527501,9.409213
44660,2266,-1.101333,-1.474828,9.332598
44661,2267,-1.091756,-1.522712,9.418789
44662,2268,-1.091756,-1.455675,9.519346
44663,2269,-1.13964,-1.522712,9.442731
44664,2270,-1.13964,-1.570596,9.437943
44665,2271,-1.163582,-1.484405,9.414001
44666,2272,-1.158794,-1.517924,9.47625
44667,2273,-1.086968,-1.556231,9.543288
44668,2274,-1.086968,-1.503559,9.514557
44669,2275,-1.134852,-1.541866,9.409213
44670,2276,-1.120486,-1.556231,9.461885
44671,2277,-1.115698,-1.493982,9.404424
44672,2278,-1.106121,-1.513135,9.418789
44673,2279,-1.522712,-1.795651,9.548076
44674,2280,-1.134852,-1.508347,9.466673
44675,2281,-1.125275,-1.642422,9.404424
44676,2282,-1.16837,-1.393425,9.667786
44677,2283,-1.106121,-1.546654,9.414001
44678,2284,-1.134852,-1.517924,9.394847
44679,2285,-1.278504,-1.551443,10.821792
44680,2286,-1.130063,-1.546654,9.399636
44681,2287,-1.101333,-1.474828,9.404424
44682,2288,-1.125275,-1.666364,9.35654
44683,2289,-1.158794,-1.508347,9.418789
44684,2290,-1.13964,-1.537077,9.471462
44685,2291,-1.130063,-1.517924,9.418789
44686,2292,-1.13964,-1.522712,9.423578
44687,2293,-1.11091,-1.532289,9.394847
44688,2294,-1.101333,-1.503559,9.481039
44689,2295,-1.130063,-1.561019,9.528923
44690,2296,-1.086968,-1.513135,9.433155
44691,2297,-1.120486,-1.522712,9.543288
44692,2298,-1.134852,-1.551443,9.509769
44693,2299,-1.154005,-1.570596,9.490615
44694,2300,-1.144428,-1.546654,9.500192
44695,2301,-1.106121,-1.570596,9.433155
44696,2302,-1.101333,-1.49877,9.375694
44697,2303,-1.144428,-1.537077,9.457097
44698,2304,-1.154005,-1.522712,9.538499
44699,2305,-1.134852,-1.819593,9.706094
44700,2306,-1.120486,-1.532289,9.44752
44701,2307,-1.125275,-1.517924,9.428366
44702,2308,-1.101333,-1.541866,9.423578
44703,2309,-1.134852,-1.541866,9.394847
44704,2310,-1.144428,-1.513135,9.375694
44705,2311,-1.130063,-1.503559,9.442731
44706,2312,-1.120486,-1.474828,9.404424
44707,2313,-1.106121,-1.551443,9.433155
44708,2314,-1.134852,-1.532289,9.380482
44709,2315,-1.115698,-1.541866,9.423578
44710,2316,-1.13964,-1.541866,9.418789
44711,2317,-1.173159,6.756437,28.87886
44712,2318,-1.134852,-1.565808,9.390059
44713,2319,-1.091756,-1.541866,9.414001
44714,2320,-1.115698,-1.49877,9.414001
44715,2321,-1.144428,-1.527501,9.428366
44716,2322,-1.134852,-1.484405,9.428366
44717,2323,-1.144428,-1.508347,9.457097
44718,2324,-1.149217,-1.546654,9.466673
44719,2325,-1.130063,-1.493982,9.44752
44720,2326,-1.115698,-1.565808,9.404424
44721,2327,-1.144428,-1.537077,9.404424
44722,2328,-1.115698,-1.517924,9.399636
44723,2329,-1.130063,-1.513135,9.442731
44724,2330,-1.086968,-1.551443,9.471462
44726,2332,-1.130063,-1.532289,9.418789
44727,2333,-1.149217,-1.546654,9.452308
44728,2334,-1.163582,-1.527501,9.418789
44729,2335,-1.13964,-1.517924,9.380482
44730,2336,-1.11091,-1.537077,9.437943
44731,2337,-1.063026,-1.503559,9.466673
44732,2338,-1.144428,-1.522712,9.423578
44733,2339,-1.134852,-1.546654,9.409213
44734,2340,-1.177947,-1.522712,9.385271
44735,2341,-1.173159,-1.532289,9.423578
44736,2342,-1.125275,-1.580173,9.461885
44737,2343,-1.125275,-1.49877,9.394847
44738,2344,-1.106121,-1.58975,9.375694
44739,2345,-1.125275,-1.546654,9.423578
44740,2346,-1.134852,-1.556231,9.471462
44741,2347,-1.144428,-1.628057,9.442731
44742,2348,-1.115698,-1.532289,9.433155
44743,2349,-1.120486,-1.522712,9.428366
44744,2350,-1.134852,-1.551443,9.504981
44745,2351,-1.177947,-1.374272,9.610325
44746,2352,-1.268927,-1.556231,9.361328
44747,2353,-1.144428,-1.541866,9.433155
44748,2354,-1.527501,-1.795651,8.403648
44749,2355,-1.144428,-1.503559,9.481039
44750,2356,-0.938527,-1.47004,9.11712
44751,2357,-1.134852,-1.551443,9.385271
44752,2358,-1.115698,-1.551443,9.428366
44753,2359,-1.130063,-1.565808,9.409213
44754,2360,-1.086968,-1.460463,9.442731
44755,2361,-1.125275,-1.522712,9.418789
44756,2362,-1.086968,-1.537077,9.495404
44757,2363,-1.134852,-1.541866,9.433155
44758,2364,-1.120486,-1.489193,9.504981
44759,2365,-1.096544,-1.517924,9.385271
44760,2366,-1.125275,-1.551443,9.509769
44761,2367,-1.101333,-1.561019,9.433155
44762,2368,-1.106121,-1.527501,9.380482
44763,2369,-1.11091,-1.532289,9.346963
44764,2370,-1.115698,-1.484405,9.452308
44765,2371,-1.096544,-1.575385,9.557653
44766,2372,-1.072602,-1.489193,9.485827
44767,2373,-1.120486,-1.541866,9.442731
44768,2374,-1.096544,-1.532289,9.452308
44769,2375,-1.13964,-1.556231,9.433155
44770,2376,-1.163582,-1.527501,9.370905
44771,2377,-1.158794,-1.522712,9.394847
44772,2378,-1.125275,-1.474828,9.543288
44773,2379,-1.134852,-1.484405,9.414001
44774,2380,-1.130063,-1.532289,9.428366
44775,2381,-1.086968,-1.537077,9.418789
44776,2382,-1.130063,-1.537077,9.409213
44777,2383,-1.163582,-1.561019,9.394847
44778,2384,-1.149217,-1.493982,9.414001
44779,2385,-1.120486,-1.551443,9.442731
44780,2386,-1.130063,-1.537077,9.471462
44781,2387,-1.130063,-1.49877,9.457097
44782,2388,-1.125275,-1.49877,9.404424
44783,2389,-1.134852,-1.537077,9.418789
44784,2390,-1.115698,-1.541866,9.461885
44785,2391,-1.125275,-1.479617,9.337386
44786,2392,-1.144428,-1.537077,9.437943
44787,2393,-1.11091,-1.537077,9.433155
44788,2394,-1.086968,-1.527501,9.423578
44789,2395,-1.106121,-1.49877,9.514557
44790,2396,-1.13964,-1.551443,9.394847
44791,2397,-1.115698,-1.556231,9.433155
44792,2398,-1.125275,-1.522712,9.47625
44793,2399,-1.11091,-1.556231,9.414001
44794,2400,-1.130063,-1.546654,9.44752
44795,2401,-1.134852,-1.561019,9.442731
44796,2402,-1.134852,-1.522712,9.524134
44797,2403,-1.086968,-1.47004,9.35654
